  0
SECTION
  2
HEADER
  9
$ACADVER
  1
AC1021
  9
$ACADMAINTVER
 70
    25
  9
$DWGCODEPAGE
  3
ANSI_1252
  9
$INSBASE
 10
0.0
 20
0.0
 30
0.0
  9
$EXTMIN
 10
1.000000000000000E+20
 20
1.000000000000000E+20
 30
1.000000000000000E+20
  9
$EXTMAX
 10
-1.000000000000000E+20
 20
-1.000000000000000E+20
 30
-1.000000000000000E+20
  9
$LIMMIN
 10
0.0
 20
0.0
  9
$LIMMAX
 10
12.0
 20
9.0
  9
$ORTHOMODE
 70
     0
  9
$REGENMODE
 70
     1
  9
$FILLMODE
 70
     1
  9
$QTEXTMODE
 70
     0
  9
$MIRRTEXT
 70
     1
  9
$LTSCALE
 40
1.0
  9
$ATTMODE
 70
     1
  9
$TEXTSIZE
 40
0.2
  9
$TRACEWID
 40
0.05
  9
$TEXTSTYLE
  7
Standard
  9
$CLAYER
  8
0
  9
$CELTYPE
  6
ByLayer
  9
$CECOLOR
 62
   256
  9
$CELTSCALE
 40
1.0
  9
$DISPSILH
 70
     0
  9
$DIMSCALE
 40
1.0
  9
$DIMASZ
 40
0.18
  9
$DIMEXO
 40
0.0625
  9
$DIMDLI
 40
0.38
  9
$DIMRND
 40
0.0
  9
$DIMDLE
 40
0.0
  9
$DIMEXE
 40
0.18
  9
$DIMTP
 40
0.0
  9
$DIMTM
 40
0.0
  9
$DIMTXT
 40
0.18
  9
$DIMCEN
 40
0.09
  9
$DIMTSZ
 40
0.0
  9
$DIMTOL
 70
     0
  9
$DIMLIM
 70
     0
  9
$DIMTIH
 70
     1
  9
$DIMTOH
 70
     1
  9
$DIMSE1
 70
     0
  9
$DIMSE2
 70
     0
  9
$DIMTAD
 70
     0
  9
$DIMZIN
 70
     0
  9
$DIMBLK
  1

  9
$DIMASO
 70
     1
  9
$DIMSHO
 70
     1
  9
$DIMPOST
  1

  9
$DIMAPOST
  1

  9
$DIMALT
 70
     0
  9
$DIMALTD
 70
     2
  9
$DIMALTF
 40
25.4
  9
$DIMLFAC
 40
1.0
  9
$DIMTOFL
 70
     0
  9
$DIMTVP
 40
0.0
  9
$DIMTIX
 70
     0
  9
$DIMSOXD
 70
     0
  9
$DIMSAH
 70
     0
  9
$DIMBLK1
  1

  9
$DIMBLK2
  1

  9
$DIMSTYLE
  2
Standard
  9
$DIMCLRD
 70
     0
  9
$DIMCLRE
 70
     0
  9
$DIMCLRT
 70
     0
  9
$DIMTFAC
 40
1.0
  9
$DIMGAP
 40
0.09
  9
$DIMJUST
 70
     0
  9
$DIMSD1
 70
     0
  9
$DIMSD2
 70
     0
  9
$DIMTOLJ
 70
     1
  9
$DIMTZIN
 70
     0
  9
$DIMALTZ
 70
     0
  9
$DIMALTTZ
 70
     0
  9
$DIMUPT
 70
     0
  9
$DIMDEC
 70
     4
  9
$DIMTDEC
 70
     4
  9
$DIMALTU
 70
     2
  9
$DIMALTTD
 70
     2
  9
$DIMTXSTY
  7
Standard
  9
$DIMAUNIT
 70
     0
  9
$DIMADEC
 70
     0
  9
$DIMALTRND
 40
0.0
  9
$DIMAZIN
 70
     0
  9
$DIMDSEP
 70
    46
  9
$DIMATFIT
 70
     3
  9
$DIMFRAC
 70
     0
  9
$DIMLDRBLK
  1

  9
$DIMLUNIT
 70
     2
  9
$DIMLWD
 70
    -2
  9
$DIMLWE
 70
    -2
  9
$DIMTMOVE
 70
     0
  9
$DIMFXL
 40
1.0
  9
$DIMFXLON
 70
     0
  9
$DIMJOGANG
 40
0.7853981633974483
  9
$DIMTFILL
 70
     0
  9
$DIMTFILLCLR
 70
     0
  9
$DIMARCSYM
 70
     0
  9
$DIMLTYPE
  6

  9
$DIMLTEX1
  6

  9
$DIMLTEX2
  6

  9
$LUNITS
 70
     2
  9
$LUPREC
 70
     4
  9
$SKETCHINC
 40
0.1
  9
$FILLETRAD
 40
0.5
  9
$AUNITS
 70
     0
  9
$AUPREC
 70
     0
  9
$MENU
  1
.
  9
$ELEVATION
 40
0.0
  9
$PELEVATION
 40
0.0
  9
$THICKNESS
 40
0.0
  9
$LIMCHECK
 70
     0
  9
$CHAMFERA
 40
0.5
  9
$CHAMFERB
 40
0.5
  9
$CHAMFERC
 40
1.0
  9
$CHAMFERD
 40
0.0
  9
$SKPOLY
 70
     0
  9
$TDCREATE
 40
2460505.037939653
  9
$TDUCREATE
 40
2460504.954606319
  9
$TDUPDATE
 40
2460505.037939688
  9
$TDUUPDATE
 40
2460504.954606354
  9
$TDINDWG
 40
0.0000000116
  9
$TDUSRTIMER
 40
0.0000000116
  9
$USRTIMER
 70
     1
  9
$ANGBASE
 50
0.0
  9
$ANGDIR
 70
     0
  9
$PDMODE
 70
     0
  9
$PDSIZE
 40
0.0
  9
$PLINEWID
 40
0.0
  9
$SPLFRAME
 70
     0
  9
$SPLINETYPE
 70
     6
  9
$SPLINESEGS
 70
     8
  9
$HANDSEED
  5
B3
  9
$SURFTAB1
 70
     6
  9
$SURFTAB2
 70
     6
  9
$SURFTYPE
 70
     6
  9
$SURFU
 70
     6
  9
$SURFV
 70
     6
  9
$UCSBASE
  2

  9
$UCSNAME
  2

  9
$UCSORG
 10
0.0
 20
0.0
 30
0.0
  9
$UCSXDIR
 10
1.0
 20
0.0
 30
0.0
  9
$UCSYDIR
 10
0.0
 20
1.0
 30
0.0
  9
$UCSORTHOREF
  2

  9
$UCSORTHOVIEW
 70
     0
  9
$UCSORGTOP
 10
0.0
 20
0.0
 30
0.0
  9
$UCSORGBOTTOM
 10
0.0
 20
0.0
 30
0.0
  9
$UCSORGLEFT
 10
0.0
 20
0.0
 30
0.0
  9
$UCSORGRIGHT
 10
0.0
 20
0.0
 30
0.0
  9
$UCSORGFRONT
 10
0.0
 20
0.0
 30
0.0
  9
$UCSORGBACK
 10
0.0
 20
0.0
 30
0.0
  9
$PUCSBASE
  2

  9
$PUCSNAME
  2

  9
$PUCSORG
 10
0.0
 20
0.0
 30
0.0
  9
$PUCSXDIR
 10
1.0
 20
0.0
 30
0.0
  9
$PUCSYDIR
 10
0.0
 20
1.0
 30
0.0
  9
$PUCSORTHOREF
  2

  9
$PUCSORTHOVIEW
 70
     0
  9
$PUCSORGTOP
 10
0.0
 20
0.0
 30
0.0
  9
$PUCSORGBOTTOM
 10
0.0
 20
0.0
 30
0.0
  9
$PUCSORGLEFT
 10
0.0
 20
0.0
 30
0.0
  9
$PUCSORGRIGHT
 10
0.0
 20
0.0
 30
0.0
  9
$PUCSORGFRONT
 10
0.0
 20
0.0
 30
0.0
  9
$PUCSORGBACK
 10
0.0
 20
0.0
 30
0.0
  9
$USERI1
 70
     0
  9
$USERI2
 70
     0
  9
$USERI3
 70
     0
  9
$USERI4
 70
     0
  9
$USERI5
 70
     0
  9
$USERR1
 40
0.0
  9
$USERR2
 40
0.0
  9
$USERR3
 40
0.0
  9
$USERR4
 40
0.0
  9
$USERR5
 40
0.0
  9
$WORLDVIEW
 70
     1
  9
$SHADEDGE
 70
     3
  9
$SHADEDIF
 70
    70
  9
$TILEMODE
 70
     1
  9
$MAXACTVP
 70
    64
  9
$PINSBASE
 10
0.0
 20
0.0
 30
0.0
  9
$PLIMCHECK
 70
     0
  9
$PEXTMIN
 10
1.000000000000000E+20
 20
1.000000000000000E+20
 30
1.000000000000000E+20
  9
$PEXTMAX
 10
-1.000000000000000E+20
 20
-1.000000000000000E+20
 30
-1.000000000000000E+20
  9
$PLIMMIN
 10
0.0
 20
0.0
  9
$PLIMMAX
 10
12.0
 20
9.0
  9
$UNITMODE
 70
     0
  9
$VISRETAIN
 70
     1
  9
$PLINEGEN
 70
     0
  9
$PSLTSCALE
 70
     1
  9
$TREEDEPTH
 70
  3020
  9
$CMLSTYLE
  2
Standard
  9
$CMLJUST
 70
     0
  9
$CMLSCALE
 40
1.0
  9
$PROXYGRAPHICS
 70
     1
  9
$MEASUREMENT
 70
     0
  9
$CELWEIGHT
370
    -1
  9
$ENDCAPS
280
     0
  9
$JOINSTYLE
280
     0
  9
$LWDISPLAY
290
     1
  9
$INSUNITS
 70
     1
  9
$HYPERLINKBASE
  1

  9
$STYLESHEET
  1

  9
$XEDIT
290
     1
  9
$CEPSNTYPE
380
     0
  9
$PSTYLEMODE
290
     1
  9
$FINGERPRINTGUID
  2
{031A4BD4-C64B-4F8D-85DC-78A50905B4AB}
  9
$VERSIONGUID
  2
{FAEB1C32-E019-11D5-929B-00C0DF256EC4}
  9
$EXTNAMES
290
     1
  9
$PSVPSCALE
 40
0.0
  9
$OLESTARTUP
290
     0
  9
$SORTENTS
280
   127
  9
$INDEXCTL
280
     0
  9
$HIDETEXT
280
     1
  9
$XCLIPFRAME
290
     0
  9
$HALOGAP
280
     0
  9
$OBSCOLOR
 70
   257
  9
$OBSLTYPE
280
     0
  9
$INTERSECTIONDISPLAY
280
     0
  9
$INTERSECTIONCOLOR
 70
   257
  9
$DIMASSOC
280
     2
  9
$PROJECTNAME
  1

  9
$CAMERADISPLAY
290
     0
  9
$LENSLENGTH
 40
50.0
  9
$CAMERAHEIGHT
 40
0.0
  9
$STEPSPERSEC
 40
2.0
  9
$STEPSIZE
 40
6.0
  9
$3DDWFPREC
 40
2.0
  9
$PSOLWIDTH
 40
0.25
  9
$PSOLHEIGHT
 40
4.0
  9
$LOFTANG1
 40
1.570796326794897
  9
$LOFTANG2
 40
1.570796326794897
  9
$LOFTMAG1
 40
0.0
  9
$LOFTMAG2
 40
0.0
  9
$LOFTPARAM
 70
     7
  9
$LOFTNORMALS
280
     1
  9
$LATITUDE
 40
37.795
  9
$LONGITUDE
 40
-122.394
  9
$NORTHDIRECTION
 40
0.0
  9
$TIMEZONE
 70
 -8000
  9
$LIGHTGLYPHDISPLAY
280
     1
  9
$TILEMODELIGHTSYNCH
280
     1
  9
$CMATERIAL
347
3C
  9
$SOLIDHIST
280
     1
  9
$SHOWHIST
280
     1
  9
$DWFFRAME
280
     2
  9
$DGNFRAME
280
     2
  9
$REALWORLDSCALE
290
     1
  9
$INTERFERECOLOR
 62
   256
  9
$CSHADOW
280
     0
  9
$SHADOWPLANELOCATION
 40
0.0
  0
ENDSEC
  0
SECTION
  2
CLASSES
  0
CLASS
  1
ACDBDICTIONARYWDFLT
  2
AcDbDictionaryWithDefault
  3
ObjectDBX Classes
 90
        0
 91
        4
280
     0
281
     0
  0
CLASS
  1
VISUALSTYLE
  2
AcDbVisualStyle
  3
ObjectDBX Classes
 90
     4095
 91
        4
280
     0
281
     0
  0
CLASS
  1
MATERIAL
  2
AcDbMaterial
  3
ObjectDBX Classes
 90
     1153
 91
        4
280
     0
281
     0
  0
CLASS
  1
SUN
  2
AcDbSun
  3
SCENEOE
 90
     1024
 91
        4
280
     0
281
     0
  0
ENDSEC
  0
SECTION
  2
TABLES
  0
TABLE
  2
VPORT
  5
8
330
0
100
AcDbSymbolTable
 70
     1
  0
VPORT
  5
29
330
8
100
AcDbSymbolTableRecord
100
AcDbViewportTableRecord
  2
*Active
 70
     0
 10
0.0
 20
0.0
 11
1.0
 21
1.0
 12
0.0
 22
0.0
 13
0.0
 23
0.0
 14
0.5
 24
0.5
 15
0.5
 25
0.5
 16
0.0
 26
0.0
 36
1.0
 17
377.9954337989659
 27
810.2521879544672
 37
0.0
 40
1199.9999997
 41
0.6966666666666667
 42
50.0
 43
0.0
 44
0.0
 50
0.0
 51
0.0
 71
     0
 72
   100
 73
     1
 74
     3
 75
     0
 76
     0
 77
     0
 78
     0
281
     0
 65
     1
110
0.0
120
0.0
130
0.0
111
1.0
121
0.0
131
0.0
112
0.0
122
1.0
132
0.0
 79
     0
146
0.0
 60
     3
 61
     5
292
     1
282
     1
141
0.0
142
0.0
 63
   250
361
3F
  0
ENDTAB
  0
TABLE
  2
LTYPE
  5
5
330
0
100
AcDbSymbolTable
 70
     1
  0
LTYPE
  5
14
330
5
100
AcDbSymbolTableRecord
100
AcDbLinetypeTableRecord
  2
ByBlock
 70
     0
  3

 72
    65
 73
     0
 40
0.0
  0
LTYPE
  5
15
330
5
100
AcDbSymbolTableRecord
100
AcDbLinetypeTableRecord
  2
ByLayer
 70
     0
  3

 72
    65
 73
     0
 40
0.0
  0
LTYPE
  5
16
330
5
100
AcDbSymbolTableRecord
100
AcDbLinetypeTableRecord
  2
Continuous
 70
     0
  3
Solid line
 72
    65
 73
     0
 40
0.0
  0
ENDTAB
  0
TABLE
  2
LAYER
  5
2
330
0
100
AcDbSymbolTable
 70
     2
  0
LAYER
  5
10
330
2
100
AcDbSymbolTableRecord
100
AcDbLayerTableRecord
  2
0
 70
     0
 62
     7
  6
Continuous
370
    -3
390
F
347
3E
  0
LAYER
  5
40
330
2
100
AcDbSymbolTableRecord
100
AcDbLayerTableRecord
  2
Holes
 70
     0
 62
     7
  6
Continuous
370
    -3
390
F
347
3E
  0
ENDTAB
  0
TABLE
  2
STYLE
  5
3
330
0
100
AcDbSymbolTable
 70
     1
  0
STYLE
  5
11
330
3
100
AcDbSymbolTableRecord
100
AcDbTextStyleTableRecord
  2
Standard
 70
     0
 40
0.0
 41
1.0
 50
0.0
 71
     0
 42
0.2
  3
txt
  4

  0
ENDTAB
  0
TABLE
  2
VIEW
  5
6
330
0
100
AcDbSymbolTable
 70
     0
  0
ENDTAB
  0
TABLE
  2
UCS
  5
7
330
0
100
AcDbSymbolTable
 70
     0
  0
ENDTAB
  0
TABLE
  2
APPID
  5
9
330
0
100
AcDbSymbolTable
 70
     1
  0
APPID
  5
12
330
9
100
AcDbSymbolTableRecord
100
AcDbRegAppTableRecord
  2
ACAD
 70
     0
  0
ENDTAB
  0
TABLE
  2
DIMSTYLE
  5
A
330
0
100
AcDbSymbolTable
 70
     1
100
AcDbDimStyleTable
  0
DIMSTYLE
105
27
330
A
100
AcDbSymbolTableRecord
100
AcDbDimStyleTableRecord
  2
Standard
 70
     0
178
     0
340
11
  0
ENDTAB
  0
TABLE
  2
BLOCK_RECORD
  5
1
330
0
100
AcDbSymbolTable
 70
     1
  0
BLOCK_RECORD
  5
1F
330
1
100
AcDbSymbolTableRecord
100
AcDbBlockTableRecord
  2
*Model_Space
340
22
 70
     0
280
     1
281
     0
  0
BLOCK_RECORD
  5
1B
330
1
100
AcDbSymbolTableRecord
100
AcDbBlockTableRecord
  2
*Paper_Space
340
1E
 70
     0
280
     1
281
     0
  0
BLOCK_RECORD
  5
23
330
1
100
AcDbSymbolTableRecord
100
AcDbBlockTableRecord
  2
*Paper_Space0
340
26
 70
     0
280
     1
281
     0
  0
ENDTAB
  0
ENDSEC
  0
SECTION
  2
BLOCKS
  0
BLOCK
  5
20
330
1F
100
AcDbEntity
  8
0
100
AcDbBlockBegin
  2
*Model_Space
 70
     0
 10
0.0
 20
0.0
 30
0.0
  3
*Model_Space
  1

  0
ENDBLK
  5
21
330
1F
100
AcDbEntity
  8
0
100
AcDbBlockEnd
  0
BLOCK
  5
1C
330
1B
100
AcDbEntity
 67
     1
  8
0
100
AcDbBlockBegin
  2
*Paper_Space
 70
     0
 10
0.0
 20
0.0
 30
0.0
  3
*Paper_Space
  1

  0
ENDBLK
  5
1D
330
1B
100
AcDbEntity
 67
     1
  8
0
100
AcDbBlockEnd
  0
BLOCK
  5
24
330
23
100
AcDbEntity
  8
0
100
AcDbBlockBegin
  2
*Paper_Space0
 70
     0
 10
0.0
 20
0.0
 30
0.0
  3
*Paper_Space0
  1

  0
ENDBLK
  5
25
330
23
100
AcDbEntity
  8
0
100
AcDbBlockEnd
  0
ENDSEC
  0
SECTION
  2
ENTITIES
  0
SPLINE
  5
41
330
1F
100
AcDbEntity
  8
Holes
370
     0
100
AcDbSpline
210
0.0
220
0.0
230
1.0
 70
    11
 71
     3
 72
    53
 73
    49
 74
     0
 42
0.0000000001
 43
0.0000000001
 12
1.0
 22
0.0
 32
0.0
 13
1.0
 23
0.0
 33
0.0
 40
0.0
 40
0.0
 40
0.0
 40
0.0
 40
1.0
 40
1.0
 40
1.0
 40
2.0
 40
2.0
 40
2.0
 40
3.0
 40
3.0
 40
3.0
 40
4.0
 40
4.0
 40
4.0
 40
5.0
 40
5.0
 40
5.0
 40
6.0
 40
6.0
 40
6.0
 40
7.0
 40
7.0
 40
7.0
 40
8.0
 40
8.0
 40
8.0
 40
9.0
 40
9.0
 40
9.0
 40
10.0
 40
10.0
 40
10.0
 40
11.0
 40
11.0
 40
11.0
 40
12.0
 40
12.0
 40
12.0
 40
13.0
 40
13.0
 40
13.0
 40
14.0
 40
14.0
 40
14.0
 40
15.0
 40
15.0
 40
15.0
 40
16.0
 40
16.0
 40
16.0
 40
16.0
 10
755.9954418411662
 20
1370.247684842623
 30
0.0
 10
755.9954418411662
 20
1370.247684842623
 30
0.0
 10
755.9954418411662
 20
1410.252290858615
 30
0.0
 10
755.9954418411662
 20
1410.252290858615
 30
0.0
 10
755.9954418411662
 20
1410.252290858615
 30
0.0
 10
-0.004571363659937
 20
1410.252088888179
 30
0.0
 10
-0.004571363659937
 20
1410.252088888179
 30
0.0
 10
-0.004571363659937
 20
1410.252088888179
 30
0.0
 10
-0.004571363659937
 20
1370.247684842623
 30
0.0
 10
-0.004571363659937
 20
1370.247684842623
 30
0.0
 10
-0.004571363659937
 20
1370.247684842623
 30
0.0
 10
-40.00455577163756
 20
1384.813493927525
 30
0.0
 10
-40.00455577163756
 20
1384.813493927525
 30
0.0
 10
-40.00455577163756
 20
1384.813493927525
 30
0.0
 10
-40.00455643395502
 20
250.8925022769579
 30
0.0
 10
-40.00455643395502
 20
250.8925022769579
 30
0.0
 10
-40.00455643395502
 20
250.7057350379638
 30
0.0
 10
-39.95221251442601
 20
250.5226712766163
 30
0.0
 10
-39.85346746508004
 20
250.3641322887545
 30
0.0
 10
-39.85346746508004
 20
250.3641322887545
 30
0.0
 10
-17.78427191395671
 20
214.9287629331927
 30
0.0
 10
-17.78427191395671
 20
214.9287629331927
 30
0.0
 10
-17.64644656269994
 20
214.7074370801122
 30
0.0
 10
-17.42772606308014
 20
214.5485966463954
 30
0.0
 10
-17.1745976723014
 20
214.4860035677978
 30
0.0
 10
-17.1745976723014
 20
214.4860035677978
 30
0.0
 10
-0.004571363659937
 20
210.2522183536016
 30
0.0
 10
-0.004571363659937
 20
210.2522183536016
 30
0.0
 10
-0.004571363659937
 20
210.2522183536016
 30
0.0
 10
755.9954418411662
 20
210.2523798746504
 30
0.0
 10
755.9954418411662
 20
210.2523798746504
 30
0.0
 10
755.9954418411662
 20
210.2523798746504
 30
0.0
 10
773.1645207485492
 20
214.4858313130235
 30
0.0
 10
773.1645207485492
 20
214.4858313130235
 30
0.0
 10
773.4182520310378
 20
214.5485966463954
 30
0.0
 10
773.6376184860611
 20
214.7078677170479
 30
0.0
 10
773.7758529424068
 20
214.9297964618383
 30
0.0
 10
773.7758529424068
 20
214.9297964618383
 30
0.0
 10
795.8441010922717
 20
250.3638523747463
 30
0.0
 10
795.8441010922717
 20
250.3638523747463
 30
0.0
 10
795.9429753326983
 20
250.522606681076
 30
0.0
 10
795.9954269114612
 20
250.7058857608912
 30
0.0
 10
795.9954269114612
 20
250.8929113820467
 30
0.0
 10
795.9954269114612
 20
250.8929113820467
 30
0.0
 10
795.9955130388483
 20
1384.813493927525
 30
0.0
 10
795.9955130388483
 20
1384.813493927525
 30
0.0
 10
795.9955130388483
 20
1384.813493927525
 30
0.0
 10
755.9954418411662
 20
1370.247684842623
 30
0.0
 10
755.9954418411662
 20
1370.247684842623
 30
0.0
  0
SPLINE
  5
42
330
1F
100
AcDbEntity
  8
Holes
370
     0
100
AcDbSpline
210
0.0
220
0.0
230
1.0
 70
    11
 71
     3
 72
    17
 73
    13
 74
     0
 42
0.0000000001
 43
0.0000000001
 12
1.0
 22
0.0
 32
0.0
 13
1.0
 23
0.0
 33
0.0
 40
0.0
 40
0.0
 40
0.0
 40
0.0
 40
1.0
 40
1.0
 40
1.0
 40
2.0
 40
2.0
 40
2.0
 40
3.0
 40
3.0
 40
3.0
 40
4.0
 40
4.0
 40
4.0
 40
4.0
 10
-20.00457135865988
 20
287.2786964546018
 30
0.0
 10
-21.66065029026626
 20
287.2786964546018
 30
0.0
 10
-23.00318246902134
 20
288.6212286333568
 30
0.0
 10
-23.00318246902134
 20
290.2773075649632
 30
0.0
 10
-23.00318246902134
 20
291.9334080284164
 30
0.0
 10
-21.66065029026626
 20
293.2759186753247
 30
0.0
 10
-20.00457135865988
 20
293.2759186753247
 30
0.0
 10
-18.3484924270535
 20
293.2759186753247
 30
0.0
 10
-17.00596024829843
 20
291.9334080284164
 30
0.0
 10
-17.00596024829843
 20
290.2773075649632
 30
0.0
 10
-17.00596024829843
 20
288.6212286333568
 30
0.0
 10
-18.3484924270535
 20
287.2786964546018
 30
0.0
 10
-20.00457135865988
 20
287.2786964546018
 30
0.0
  0
SPLINE
  5
43
330
1F
100
AcDbEntity
  8
Holes
370
     0
100
AcDbSpline
210
0.0
220
0.0
230
1.0
 70
    11
 71
     3
 72
    17
 73
    13
 74
     0
 42
0.0000000001
 43
0.0000000001
 12
1.0
 22
0.0
 32
0.0
 13
1.0
 23
0.0
 33
0.0
 40
0.0
 40
0.0
 40
0.0
 40
0.0
 40
1.0
 40
1.0
 40
1.0
 40
2.0
 40
2.0
 40
2.0
 40
3.0
 40
3.0
 40
3.0
 40
4.0
 40
4.0
 40
4.0
 40
4.0
 10
-20.00457135865988
 20
584.052980404117
 30
0.0
 10
-21.66065029026626
 20
584.052980404117
 30
0.0
 10
-23.00318246902134
 20
585.3955341147189
 30
0.0
 10
-23.00318246902134
 20
587.0515915144784
 30
0.0
 10
-23.00318246902134
 20
588.7077350416251
 30
0.0
 10
-21.66065029026626
 20
590.0502026248399
 30
0.0
 10
-20.00457135865988
 20
590.0502026248399
 30
0.0
 10
-18.3484924270535
 20
590.0502026248399
 30
0.0
 10
-17.00596024829843
 20
588.7077350416251
 30
0.0
 10
-17.00596024829843
 20
587.0515915144784
 30
0.0
 10
-17.00596024829843
 20
585.3955341147189
 30
0.0
 10
-18.3484924270535
 20
584.052980404117
 30
0.0
 10
-20.00457135865988
 20
584.052980404117
 30
0.0
  0
SPLINE
  5
44
330
1F
100
AcDbEntity
  8
Holes
370
     0
100
AcDbSpline
210
0.0
220
0.0
230
1.0
 70
    11
 71
     3
 72
    17
 73
    13
 74
     0
 42
0.0000000001
 43
0.0000000001
 12
1.0
 22
0.0
 32
0.0
 13
1.0
 23
0.0
 33
0.0
 40
0.0
 40
0.0
 40
0.0
 40
0.0
 40
1.0
 40
1.0
 40
1.0
 40
2.0
 40
2.0
 40
2.0
 40
3.0
 40
3.0
 40
3.0
 40
4.0
 40
4.0
 40
4.0
 40
4.0
 10
-20.00457135865988
 20
880.7097220020448
 30
0.0
 10
-21.66065029026626
 20
880.7097220020448
 30
0.0
 10
-23.00318246902134
 20
882.0522757126467
 30
0.0
 10
-23.00318246902134
 20
883.7083331124063
 30
0.0
 10
-23.00318246902134
 20
885.3643905121659
 30
0.0
 10
-21.66065029026626
 20
886.7069442227678
 30
0.0
 10
-20.00457135865988
 20
886.7069442227678
 30
0.0
 10
-18.3484924270535
 20
886.7069442227678
 30
0.0
 10
-17.00596024829843
 20
885.3643905121659
 30
0.0
 10
-17.00596024829843
 20
883.7083331124063
 30
0.0
 10
-17.00596024829843
 20
882.0522757126467
 30
0.0
 10
-18.3484924270535
 20
880.7097220020448
 30
0.0
 10
-20.00457135865988
 20
880.7097220020448
 30
0.0
  0
SPLINE
  5
45
330
1F
100
AcDbEntity
  8
Holes
370
     0
100
AcDbSpline
210
0.0
220
0.0
230
1.0
 70
    11
 71
     3
 72
    17
 73
    13
 74
     0
 42
0.0000000001
 43
0.0000000001
 12
1.0
 22
0.0
 32
0.0
 13
1.0
 23
0.0
 33
0.0
 40
0.0
 40
0.0
 40
0.0
 40
0.0
 40
1.0
 40
1.0
 40
1.0
 40
2.0
 40
2.0
 40
2.0
 40
3.0
 40
3.0
 40
3.0
 40
4.0
 40
4.0
 40
4.0
 40
4.0
 10
-20.00457135865988
 20
1177.366463599973
 30
0.0
 10
-21.66065029026626
 20
1177.366463599973
 30
0.0
 10
-23.00318246902134
 20
1178.708931183187
 30
0.0
 10
-23.00318246902134
 20
1180.365074710334
 30
0.0
 10
-23.00318246902134
 20
1182.021132110094
 30
0.0
 10
-21.66065029026626
 20
1183.363685820696
 30
0.0
 10
-20.00457135865988
 20
1183.363685820696
 30
0.0
 10
-18.3484924270535
 20
1183.363685820696
 30
0.0
 10
-17.00596024829843
 20
1182.021132110094
 30
0.0
 10
-17.00596024829843
 20
1180.365074710334
 30
0.0
 10
-17.00596024829843
 20
1178.708931183187
 30
0.0
 10
-18.3484924270535
 20
1177.366463599973
 30
0.0
 10
-20.00457135865988
 20
1177.366463599973
 30
0.0
  0
SPLINE
  5
46
330
1F
100
AcDbEntity
  8
Holes
370
     0
100
AcDbSpline
210
0.0
220
0.0
230
1.0
 70
    11
 71
     3
 72
    17
 73
    13
 74
     0
 42
0.0000000001
 43
0.0000000001
 12
1.0
 22
0.0
 32
0.0
 13
1.0
 23
0.0
 33
0.0
 40
0.0
 40
0.0
 40
0.0
 40
0.0
 40
1.0
 40
1.0
 40
1.0
 40
2.0
 40
2.0
 40
2.0
 40
3.0
 40
3.0
 40
3.0
 40
4.0
 40
4.0
 40
4.0
 40
4.0
 10
-20.00457135865988
 20
1347.464091324375
 30
0.0
 10
-21.66065029026626
 20
1347.464091324375
 30
0.0
 10
-23.00318246902134
 20
1348.806645034977
 30
0.0
 10
-23.00318246902134
 20
1350.462702434737
 30
0.0
 10
-23.00318246902134
 20
1352.118845961884
 30
0.0
 10
-21.66065029026626
 20
1353.461313545098
 30
0.0
 10
-20.00457135865988
 20
1353.461313545098
 30
0.0
 10
-18.3484924270535
 20
1353.461313545098
 30
0.0
 10
-17.00596024829843
 20
1352.118845961884
 30
0.0
 10
-17.00596024829843
 20
1350.462702434737
 30
0.0
 10
-17.00596024829843
 20
1348.806645034977
 30
0.0
 10
-18.3484924270535
 20
1347.464091324375
 30
0.0
 10
-20.00457135865988
 20
1347.464091324375
 30
0.0
  0
SPLINE
  5
47
330
1F
100
AcDbEntity
  8
Holes
370
     0
100
AcDbSpline
210
0.0
220
0.0
230
1.0
 70
    11
 71
     3
 72
    17
 73
    13
 74
     0
 42
0.0000000001
 43
0.0000000001
 12
1.0
 22
0.0
 32
0.0
 13
1.0
 23
0.0
 33
0.0
 40
0.0
 40
0.0
 40
0.0
 40
0.0
 40
1.0
 40
1.0
 40
1.0
 40
2.0
 40
2.0
 40
2.0
 40
3.0
 40
3.0
 40
3.0
 40
4.0
 40
4.0
 40
4.0
 40
4.0
 10
708.8622010896031
 20
730.1205503545792
 30
0.0
 10
710.2429522963977
 20
730.1205503545792
 30
0.0
 10
711.3623068832488
 20
729.0011527040344
 30
0.0
 10
711.3623068832488
 20
727.6207029430949
 30
0.0
 10
711.3623068832488
 20
726.2399947999938
 30
0.0
 10
710.2429522963977
 20
725.120597149449
 30
0.0
 10
708.8622010896031
 20
725.120597149449
 30
0.0
 10
707.4814068191149
 20
725.120597149449
 30
0.0
 10
706.3623967418122
 20
726.2399947999938
 30
0.0
 10
706.3623967418122
 20
727.6207029430949
 30
0.0
 10
706.3623967418122
 20
729.0011527040344
 30
0.0
 10
707.4814068191149
 20
730.1205503545792
 30
0.0
 10
708.8622010896031
 20
730.1205503545792
 30
0.0
  0
SPLINE
  5
48
330
1F
100
AcDbEntity
  8
Holes
370
     0
100
AcDbSpline
210
0.0
220
0.0
230
1.0
 70
    11
 71
     3
 72
    17
 73
    13
 74
     0
 42
0.0000000001
 43
0.0000000001
 12
1.0
 22
0.0
 32
0.0
 13
1.0
 23
0.0
 33
0.0
 40
0.0
 40
0.0
 40
0.0
 40
0.0
 40
1.0
 40
1.0
 40
1.0
 40
2.0
 40
2.0
 40
2.0
 40
3.0
 40
3.0
 40
3.0
 40
4.0
 40
4.0
 40
4.0
 40
4.0
 10
518.0160982320411
 20
1393.266463545998
 30
0.0
 10
519.6721556318007
 20
1393.266463545998
 30
0.0
 10
521.0147093424026
 20
1391.923909835396
 30
0.0
 10
521.0147093424026
 20
1390.267852435636
 30
0.0
 10
521.0147093424026
 20
1388.611708908489
 30
0.0
 10
519.6721556318007
 20
1387.269241325275
 30
0.0
 10
518.0160982320411
 20
1387.269241325275
 30
0.0
 10
516.3600408322816
 20
1387.269241325275
 30
0.0
 10
515.0174871216797
 20
1388.611708908489
 30
0.0
 10
515.0174871216797
 20
1390.267852435636
 30
0.0
 10
515.0174871216797
 20
1391.923909835396
 30
0.0
 10
516.3600408322816
 20
1393.266463545998
 30
0.0
 10
518.0160982320411
 20
1393.266463545998
 30
0.0
  0
SPLINE
  5
49
330
1F
100
AcDbEntity
  8
Holes
370
     0
100
AcDbSpline
210
0.0
220
0.0
230
1.0
 70
    11
 71
     3
 72
    17
 73
    13
 74
     0
 42
0.0000000001
 43
0.0000000001
 12
1.0
 22
0.0
 32
0.0
 13
1.0
 23
0.0
 33
0.0
 40
0.0
 40
0.0
 40
0.0
 40
0.0
 40
1.0
 40
1.0
 40
1.0
 40
2.0
 40
2.0
 40
2.0
 40
3.0
 40
3.0
 40
3.0
 40
4.0
 40
4.0
 40
4.0
 40
4.0
 10
238.0368054960464
 20
1393.266463545998
 30
0.0
 10
239.6928844276528
 20
1393.266463545998
 30
0.0
 10
241.0354166064078
 20
1391.923909835396
 30
0.0
 10
241.0354166064078
 20
1390.267852435636
 30
0.0
 10
241.0354166064078
 20
1388.611708908489
 30
0.0
 10
239.6928844276528
 20
1387.269241325275
 30
0.0
 10
238.0368054960464
 20
1387.269241325275
 30
0.0
 10
236.38072656444
 20
1387.269241325275
 30
0.0
 10
235.0381943856849
 20
1388.611708908489
 30
0.0
 10
235.0381943856849
 20
1390.267852435636
 30
0.0
 10
235.0381943856849
 20
1391.923909835396
 30
0.0
 10
236.38072656444
 20
1393.266463545998
 30
0.0
 10
238.0368054960464
 20
1393.266463545998
 30
0.0
  0
SPLINE
  5
4A
330
1F
100
AcDbEntity
  8
Holes
370
     0
100
AcDbSpline
210
0.0
220
0.0
230
1.0
 70
    11
 71
     3
 72
    17
 73
    13
 74
     0
 42
0.0000000001
 43
0.0000000001
 12
1.0
 22
0.0
 32
0.0
 13
1.0
 23
0.0
 33
0.0
 40
0.0
 40
0.0
 40
0.0
 40
0.0
 40
1.0
 40
1.0
 40
1.0
 40
2.0
 40
2.0
 40
2.0
 40
3.0
 40
3.0
 40
3.0
 40
4.0
 40
4.0
 40
4.0
 40
4.0
 10
47.16964449233085
 20
730.8164596425997
 30
0.0
 10
48.55041723097221
 20
730.8164596425997
 30
0.0
 10
49.66977181782345
 20
729.697061992055
 30
0.0
 10
49.66977181782345
 20
728.3163538489539
 30
0.0
 10
49.66977181782345
 20
726.9355595784658
 30
0.0
 10
48.55041723097221
 20
725.8165064374696
 30
0.0
 10
47.16964449233085
 20
725.8165064374696
 30
0.0
 10
45.78921626323802
 20
725.8165064374696
 30
0.0
 10
44.66986167638679
 20
726.9355595784658
 30
0.0
 10
44.66986167638679
 20
728.3163538489539
 30
0.0
 10
44.66986167638679
 20
729.697061992055
 30
0.0
 10
45.78921626323802
 20
730.8164596425997
 30
0.0
 10
47.16964449233085
 20
730.8164596425997
 30
0.0
  0
SPLINE
  5
4B
330
1F
100
AcDbEntity
  8
Holes
370
     0
100
AcDbSpline
210
0.0
220
0.0
230
1.0
 70
    11
 71
     3
 72
    17
 73
    13
 74
     0
 42
0.0000000001
 43
0.0000000001
 12
1.0
 22
0.0
 32
0.0
 13
1.0
 23
0.0
 33
0.0
 40
0.0
 40
0.0
 40
0.0
 40
0.0
 40
1.0
 40
1.0
 40
1.0
 40
2.0
 40
2.0
 40
2.0
 40
3.0
 40
3.0
 40
3.0
 40
4.0
 40
4.0
 40
4.0
 40
4.0
 10
47.16977368341155
 20
597.1375822481766
 30
0.0
 10
45.7890009447702
 20
597.1375822481766
 30
0.0
 10
44.66999086746749
 20
598.2569368350278
 30
0.0
 10
44.66999086746749
 20
599.6376880418223
 30
0.0
 10
44.66999086746749
 20
601.0184823123105
 30
0.0
 10
45.7890009447702
 20
602.1378368991617
 30
0.0
 10
47.16977368341155
 20
602.1378368991617
 30
0.0
 10
48.5505464220529
 20
602.1378368991617
 30
0.0
 10
49.66990100890414
 20
601.0184823123105
 30
0.0
 10
49.66990100890414
 20
599.6376880418223
 30
0.0
 10
49.66990100890414
 20
598.2569368350278
 30
0.0
 10
48.5505464220529
 20
597.1375822481766
 30
0.0
 10
47.16977368341155
 20
597.1375822481766
 30
0.0
  0
SPLINE
  5
4C
330
1F
100
AcDbEntity
  8
Holes
370
     0
100
AcDbSpline
210
0.0
220
0.0
230
1.0
 70
    11
 71
     3
 72
    29
 73
    25
 74
     0
 42
0.0000000001
 43
0.0000000001
 12
1.0
 22
0.0
 32
0.0
 13
1.0
 23
0.0
 33
0.0
 40
0.0
 40
0.0
 40
0.0
 40
0.0
 40
1.0
 40
1.0
 40
1.0
 40
2.0
 40
2.0
 40
2.0
 40
3.0
 40
3.0
 40
3.0
 40
4.0
 40
4.0
 40
4.0
 40
5.0
 40
5.0
 40
5.0
 40
6.0
 40
6.0
 40
6.0
 40
7.0
 40
7.0
 40
7.0
 40
8.0
 40
8.0
 40
8.0
 40
8.0
 10
53.21356928872569
 20
654.9993389611417
 30
0.0
 10
53.21356928872569
 20
651.6853293591056
 30
0.0
 10
50.52751446626353
 20
648.9992745366434
 30
0.0
 10
47.21352639607422
 20
648.9992745366434
 30
0.0
 10
47.21352639607422
 20
648.9992745366434
 30
0.0
 10
39.21358404238845
 20
648.9992745366434
 30
0.0
 10
39.21358404238845
 20
648.9992745366434
 30
0.0
 10
35.89994048174767
 20
648.9992745366434
 30
0.0
 10
33.21354114973698
 20
651.6853293591056
 30
0.0
 10
33.21354114973698
 20
654.9993389611417
 30
0.0
 10
33.21354114973698
 20
654.9993389611417
 30
0.0
 10
33.21354114973698
 20
672.9991015977008
 30
0.0
 10
33.21354114973698
 20
672.9991015977008
 30
0.0
 10
33.21354114973698
 20
676.3131111997369
 30
0.0
 10
35.89994048174767
 20
678.9991229585055
 30
0.0
 10
39.21358404238845
 20
678.9991229585055
 30
0.0
 10
39.21358404238845
 20
678.9991229585055
 30
0.0
 10
47.21352639607422
 20
678.9991229585055
 30
0.0
 10
47.21352639607422
 20
678.9991229585055
 30
0.0
 10
50.52751446626353
 20
678.9991229585055
 30
0.0
 10
53.21356928872569
 20
676.3131111997369
 30
0.0
 10
53.21356928872569
 20
672.9991015977008
 30
0.0
 10
53.21356928872569
 20
672.9991015977008
 30
0.0
 10
53.21356928872569
 20
654.9993389611417
 30
0.0
 10
53.21356928872569
 20
654.9993389611417
 30
0.0
  0
SPLINE
  5
4D
330
1F
100
AcDbEntity
  8
Holes
370
     0
100
AcDbSpline
210
0.0
220
0.0
230
1.0
 70
    11
 71
     3
 72
    17
 73
    13
 74
     0
 42
0.0000000001
 43
0.0000000001
 12
1.0
 22
0.0
 32
0.0
 13
1.0
 23
0.0
 33
0.0
 40
0.0
 40
0.0
 40
0.0
 40
0.0
 40
1.0
 40
1.0
 40
1.0
 40
2.0
 40
2.0
 40
2.0
 40
3.0
 40
3.0
 40
3.0
 40
4.0
 40
4.0
 40
4.0
 40
4.0
 10
75.8681726901801
 20
608.0072030136884
 30
0.0
 10
74.69694788442906
 20
606.835612166542
 30
0.0
 10
72.79725763832195
 20
606.835612166542
 30
0.0
 10
71.62566679117562
 20
608.0072030136884
 30
0.0
 10
70.45409747587607
 20
609.1784062875926
 30
0.0
 10
70.45409747587607
 20
611.0781180655465
 30
0.0
 10
71.62566679117562
 20
612.2496658489993
 30
0.0
 10
72.79725763832195
 20
613.4212566961456
 30
0.0
 10
74.69694788442906
 20
613.4212566961456
 30
0.0
 10
75.8681726901801
 20
612.2496658489993
 30
0.0
 10
77.03976353732644
 20
611.0781180655465
 30
0.0
 10
77.03976353732644
 20
609.1784062875926
 30
0.0
 10
75.8681726901801
 20
608.0072030136884
 30
0.0
  0
SPLINE
  5
4E
330
1F
100
AcDbEntity
  8
Holes
370
     0
100
AcDbSpline
210
0.0
220
0.0
230
1.0
 70
    11
 71
     3
 72
    17
 73
    13
 74
     0
 42
0.0000000001
 43
0.0000000001
 12
1.0
 22
0.0
 32
0.0
 13
1.0
 23
0.0
 33
0.0
 40
0.0
 40
0.0
 40
0.0
 40
0.0
 40
1.0
 40
1.0
 40
1.0
 40
2.0
 40
2.0
 40
2.0
 40
3.0
 40
3.0
 40
3.0
 40
4.0
 40
4.0
 40
4.0
 40
4.0
 10
73.75581239339915
 20
714.8471501576598
 30
0.0
 10
72.09880759238112
 20
714.8471501576598
 30
0.0
 10
70.75580171299681
 20
716.1901775688908
 30
0.0
 10
70.75580171299681
 20
717.8471823699089
 30
0.0
 10
70.75580171299681
 20
719.5041441072334
 30
0.0
 10
72.09880759238112
 20
720.8471715184645
 30
0.0
 10
73.75581239339915
 20
720.8471715184645
 30
0.0
 10
75.41245115302189
 20
720.8471715184645
 30
0.0
 10
76.75584460564828
 20
719.5041441072334
 30
0.0
 10
76.75584460564828
 20
717.8471823699089
 30
0.0
 10
76.75584460564828
 20
716.1901775688908
 30
0.0
 10
75.41245115302189
 20
714.8471501576598
 30
0.0
 10
73.75581239339915
 20
714.8471501576598
 30
0.0
  0
SPLINE
  5
4F
330
1F
100
AcDbEntity
  8
Holes
370
     0
100
AcDbSpline
210
0.0
220
0.0
230
1.0
 70
    11
 71
     3
 72
    17
 73
    13
 74
     0
 42
0.0000000001
 43
0.0000000001
 12
1.0
 22
0.0
 32
0.0
 13
1.0
 23
0.0
 33
0.0
 40
0.0
 40
0.0
 40
0.0
 40
0.0
 40
1.0
 40
1.0
 40
1.0
 40
2.0
 40
2.0
 40
2.0
 40
3.0
 40
3.0
 40
3.0
 40
4.0
 40
4.0
 40
4.0
 40
4.0
 10
98.57130887428296
 20
473.0335295448276
 30
0.0
 10
97.19053613564161
 20
473.0335295448276
 30
0.0
 10
96.0715045264921
 20
474.1528841316788
 30
0.0
 10
96.0715045264921
 20
475.5336353384734
 30
0.0
 10
96.0715045264921
 20
476.914085099413
 30
0.0
 10
97.19053613564161
 20
478.0334396862642
 30
0.0
 10
98.57130887428296
 20
478.0334396862642
 30
0.0
 10
99.95206008107753
 20
478.0334396862642
 30
0.0
 10
101.071091690227
 20
476.914085099413
 30
0.0
 10
101.071091690227
 20
475.5336353384734
 30
0.0
 10
101.071091690227
 20
474.1528841316788
 30
0.0
 10
99.95206008107753
 20
473.0335295448276
 30
0.0
 10
98.57130887428296
 20
473.0335295448276
 30
0.0
  0
SPLINE
  5
50
330
1F
100
AcDbEntity
  8
Holes
370
     0
100
AcDbSpline
210
0.0
220
0.0
230
1.0
 70
    11
 71
     3
 72
    17
 73
    13
 74
     0
 42
0.0000000001
 43
0.0000000001
 12
1.0
 22
0.0
 32
0.0
 13
1.0
 23
0.0
 33
0.0
 40
0.0
 40
0.0
 40
0.0
 40
0.0
 40
1.0
 40
1.0
 40
1.0
 40
2.0
 40
2.0
 40
2.0
 40
3.0
 40
3.0
 40
3.0
 40
4.0
 40
4.0
 40
4.0
 40
4.0
 10
98.57115815135548
 20
849.9067787588775
 30
0.0
 10
97.19072992226265
 20
849.9067787588775
 30
0.0
 10
96.07137533541142
 20
851.0261764094223
 30
0.0
 10
96.07137533541142
 20
852.4069706799105
 30
0.0
 10
96.07137533541142
 20
853.7876788230114
 30
0.0
 10
97.19072992226265
 20
854.9067319640077
 30
0.0
 10
98.57115815135548
 20
854.9067319640077
 30
0.0
 10
99.95193088999683
 20
854.9067319640077
 30
0.0
 10
101.0712854768481
 20
853.7876788230114
 30
0.0
 10
101.0712854768481
 20
852.4069706799105
 30
0.0
 10
101.0712854768481
 20
851.0261764094223
 30
0.0
 10
99.95193088999683
 20
849.9067787588775
 30
0.0
 10
98.57115815135548
 20
849.9067787588775
 30
0.0
  0
SPLINE
  5
51
330
1F
100
AcDbEntity
  8
Holes
370
     0
100
AcDbSpline
210
0.0
220
0.0
230
1.0
 70
    11
 71
     3
 72
    17
 73
    13
 74
     0
 42
0.0000000001
 43
0.0000000001
 12
1.0
 22
0.0
 32
0.0
 13
1.0
 23
0.0
 33
0.0
 40
0.0
 40
0.0
 40
0.0
 40
0.0
 40
1.0
 40
1.0
 40
1.0
 40
2.0
 40
2.0
 40
2.0
 40
3.0
 40
3.0
 40
3.0
 40
4.0
 40
4.0
 40
4.0
 40
4.0
 10
106.4107959057432
 20
608.6438566593625
 30
0.0
 10
105.0300231671019
 20
608.6438566593625
 30
0.0
 10
103.9110130897992
 20
609.7632112462137
 30
0.0
 10
103.9110130897992
 20
611.1439624530083
 30
0.0
 10
103.9110130897992
 20
612.5247567234965
 30
0.0
 10
105.0300231671019
 20
613.6441113103476
 30
0.0
 10
106.4107959057432
 20
613.6441113103476
 30
0.0
 10
107.7915686443846
 20
613.6441113103476
 30
0.0
 10
108.9105787216873
 20
612.5247567234965
 30
0.0
 10
108.9105787216873
 20
611.1439624530083
 30
0.0
 10
108.9105787216873
 20
609.7632112462137
 30
0.0
 10
107.7915686443846
 20
608.6438566593625
 30
0.0
 10
106.4107959057432
 20
608.6438566593625
 30
0.0
  0
SPLINE
  5
52
330
1F
100
AcDbEntity
  8
Holes
370
     0
100
AcDbSpline
210
0.0
220
0.0
230
1.0
 70
    11
 71
     3
 72
    17
 73
    13
 74
     0
 42
0.0000000001
 43
0.0000000001
 12
1.0
 22
0.0
 32
0.0
 13
1.0
 23
0.0
 33
0.0
 40
0.0
 40
0.0
 40
0.0
 40
0.0
 40
1.0
 40
1.0
 40
1.0
 40
2.0
 40
2.0
 40
2.0
 40
3.0
 40
3.0
 40
3.0
 40
4.0
 40
4.0
 40
4.0
 40
4.0
 10
106.4106667146625
 20
714.2962793895683
 30
0.0
 10
105.0302384855697
 20
714.2962793895683
 30
0.0
 10
103.9108838987185
 20
715.4156339764196
 30
0.0
 10
103.9108838987185
 20
716.7964282469077
 30
0.0
 10
103.9108838987185
 20
718.1771794537023
 30
0.0
 10
105.0302384855697
 20
719.296189531005
 30
0.0
 10
106.4106667146625
 20
719.296189531005
 30
0.0
 10
107.7914394533039
 20
719.296189531005
 30
0.0
 10
108.9107940401551
 20
718.1771794537023
 30
0.0
 10
108.9107940401551
 20
716.7964282469077
 30
0.0
 10
108.9107940401551
 20
715.4156339764196
 30
0.0
 10
107.7914394533039
 20
714.2962793895683
 30
0.0
 10
106.4106667146625
 20
714.2962793895683
 30
0.0
  0
SPLINE
  5
53
330
1F
100
AcDbEntity
  8
Holes
370
     0
100
AcDbSpline
210
0.0
220
0.0
230
1.0
 70
    11
 71
     3
 72
    17
 73
    13
 74
     0
 42
0.0000000001
 43
0.0000000001
 12
1.0
 22
0.0
 32
0.0
 13
1.0
 23
0.0
 33
0.0
 40
0.0
 40
0.0
 40
0.0
 40
0.0
 40
1.0
 40
1.0
 40
1.0
 40
2.0
 40
2.0
 40
2.0
 40
3.0
 40
3.0
 40
3.0
 40
4.0
 40
4.0
 40
4.0
 40
4.0
 10
121.7708833178103
 20
486.9275996368402
 30
0.0
 10
121.7708833178103
 20
488.5846044378582
 30
0.0
 10
123.1139107290414
 20
489.9276318490893
 30
0.0
 10
124.7709155300594
 20
489.9276318490893
 30
0.0
 10
126.4278987992307
 20
489.9276318490893
 30
0.0
 10
127.7709262104618
 20
488.5846044378582
 30
0.0
 10
127.7709262104618
 20
486.9275996368402
 30
0.0
 10
127.7709262104618
 20
485.2709824090642
 30
0.0
 10
126.4278987992307
 20
483.9276104882846
 30
0.0
 10
124.7709155300594
 20
483.9276104882846
 30
0.0
 10
123.1139107290414
 20
483.9276104882846
 30
0.0
 10
121.7708833178103
 20
485.2709824090642
 30
0.0
 10
121.7708833178103
 20
486.9275996368402
 30
0.0
  0
SPLINE
  5
54
330
1F
100
AcDbEntity
  8
Holes
370
     0
100
AcDbSpline
210
0.0
220
0.0
230
1.0
 70
    11
 71
     3
 72
    17
 73
    13
 74
     0
 42
0.0000000001
 43
0.0000000001
 12
1.0
 22
0.0
 32
0.0
 13
1.0
 23
0.0
 33
0.0
 40
0.0
 40
0.0
 40
0.0
 40
0.0
 40
1.0
 40
1.0
 40
1.0
 40
2.0
 40
2.0
 40
2.0
 40
3.0
 40
3.0
 40
3.0
 40
4.0
 40
4.0
 40
4.0
 40
4.0
 10
132.3466805021238
 20
460.7681714071604
 30
0.0
 10
133.713694390671
 20
459.4015020281618
 30
0.0
 10
133.713694390671
 20
457.1853582298877
 30
0.0
 10
132.3466805021238
 20
455.8187319145827
 30
0.0
 10
130.9796666135767
 20
454.4517180260355
 30
0.0
 10
128.7638673248511
 20
454.4517180260355
 30
0.0
 10
127.396853436304
 20
455.8187319145827
 30
0.0
 10
126.0301840573054
 20
457.1853582298877
 30
0.0
 10
126.0301840573054
 20
459.4015020281618
 30
0.0
 10
127.396853436304
 20
460.7681714071604
 30
0.0
 10
128.7638673248511
 20
462.1351852957076
 30
0.0
 10
130.9796666135767
 20
462.1351852957076
 30
0.0
 10
132.3466805021238
 20
460.7681714071604
 30
0.0
  0
SPLINE
  5
55
330
1F
100
AcDbEntity
  8
Holes
370
     0
100
AcDbSpline
210
0.0
220
0.0
230
1.0
 70
    11
 71
     3
 72
    29
 73
    25
 74
     0
 42
0.0000000001
 43
0.0000000001
 12
1.0
 22
0.0
 32
0.0
 13
1.0
 23
0.0
 33
0.0
 40
0.0
 40
0.0
 40
0.0
 40
0.0
 40
1.0
 40
1.0
 40
1.0
 40
2.0
 40
2.0
 40
2.0
 40
3.0
 40
3.0
 40
3.0
 40
4.0
 40
4.0
 40
4.0
 40
5.0
 40
5.0
 40
5.0
 40
6.0
 40
6.0
 40
6.0
 40
7.0
 40
7.0
 40
7.0
 40
8.0
 40
8.0
 40
8.0
 40
8.0
 10
151.4247149618726
 20
416.325104672937
 30
0.0
 10
151.4247149618726
 20
416.325104672937
 30
0.0
 10
145.7679112387859
 20
410.6683009498503
 30
0.0
 10
145.7679112387859
 20
410.6683009498503
 30
0.0
 10
143.4247726081868
 20
408.3251623192512
 30
0.0
 10
139.6257150936743
 20
408.3251623192512
 30
0.0
 10
137.2825549312284
 20
410.6683009498503
 30
0.0
 10
137.2825549312284
 20
410.6683009498503
 30
0.0
 10
124.5546927246665
 20
423.3962062201059
 30
0.0
 10
124.5546927246665
 20
423.3962062201059
 30
0.0
 10
122.2115325622206
 20
425.7393448507049
 30
0.0
 10
122.2115325622206
 20
429.5384238970642
 30
0.0
 10
124.5546927246665
 20
431.8815625276633
 30
0.0
 10
124.5546927246665
 20
431.8815625276633
 30
0.0
 10
130.2114749159063
 20
437.53836625075
 30
0.0
 10
130.2114749159063
 20
437.53836625075
 30
0.0
 10
132.5546350783522
 20
439.8818493908976
 30
0.0
 10
136.3536925928647
 20
439.8818493908976
 30
0.0
 10
138.6968527553106
 20
437.53836625075
 30
0.0
 10
138.6968527553106
 20
437.53836625075
 30
0.0
 10
151.4247149618726
 20
424.8104609804944
 30
0.0
 10
151.4247149618726
 20
424.8104609804944
 30
0.0
 10
153.7678535924717
 20
422.4673223498954
 30
0.0
 10
153.7678535924717
 20
418.6682433035361
 30
0.0
 10
151.4247149618726
 20
416.325104672937
 30
0.0
  0
SPLINE
  5
56
330
1F
100
AcDbEntity
  8
Holes
370
     0
100
AcDbSpline
210
0.0
220
0.0
230
1.0
 70
    11
 71
     3
 72
    17
 73
    13
 74
     0
 42
0.0000000001
 43
0.0000000001
 12
1.0
 22
0.0
 32
0.0
 13
1.0
 23
0.0
 33
0.0
 40
0.0
 40
0.0
 40
0.0
 40
0.0
 40
1.0
 40
1.0
 40
1.0
 40
2.0
 40
2.0
 40
2.0
 40
3.0
 40
3.0
 40
3.0
 40
4.0
 40
4.0
 40
4.0
 40
4.0
 10
146.0958627971349
 20
509.3096959854113
 30
0.0
 10
146.0958627971349
 20
510.6904902558995
 30
0.0
 10
147.2152389158329
 20
511.8098448427507
 30
0.0
 10
148.5960116544743
 20
511.8098448427507
 30
0.0
 10
149.9767628612688
 20
511.8098448427507
 30
0.0
 10
151.0957944704183
 20
510.6904902558995
 30
0.0
 10
151.0957944704183
 20
509.3096959854113
 30
0.0
 10
151.0957944704183
 20
507.9292892881653
 30
0.0
 10
149.9767628612688
 20
506.809934701314
 30
0.0
 10
148.5960116544743
 20
506.809934701314
 30
0.0
 10
147.2152389158329
 20
506.809934701314
 30
0.0
 10
146.0958627971349
 20
507.9292892881653
 30
0.0
 10
146.0958627971349
 20
509.3096959854113
 30
0.0
  0
SPLINE
  5
57
330
1F
100
AcDbEntity
  8
Holes
370
     0
100
AcDbSpline
210
0.0
220
0.0
230
1.0
 70
    11
 71
     3
 72
    17
 73
    13
 74
     0
 42
0.0000000001
 43
0.0000000001
 12
1.0
 22
0.0
 32
0.0
 13
1.0
 23
0.0
 33
0.0
 40
0.0
 40
0.0
 40
0.0
 40
0.0
 40
1.0
 40
1.0
 40
1.0
 40
2.0
 40
2.0
 40
2.0
 40
3.0
 40
3.0
 40
3.0
 40
4.0
 40
4.0
 40
4.0
 40
4.0
 10
174.7949077593069
 20
413.3703324026253
 30
0.0
 10
173.4278938707598
 20
412.0033185140782
 30
0.0
 10
171.2120945820342
 20
412.0033185140782
 30
0.0
 10
169.8450806934871
 20
413.3703324026253
 30
0.0
 10
168.4784113144885
 20
414.7369587179303
 30
0.0
 10
168.4784113144885
 20
416.9531025162045
 30
0.0
 10
169.8450806934871
 20
418.3197718952031
 30
0.0
 10
171.2120945820342
 20
419.6867857837502
 30
0.0
 10
173.4278938707598
 20
419.6867857837502
 30
0.0
 10
174.7949077593069
 20
418.3197718952031
 30
0.0
 10
176.1619216478541
 20
416.9531025162045
 30
0.0
 10
176.1619216478541
 20
414.7369587179303
 30
0.0
 10
174.7949077593069
 20
413.3703324026253
 30
0.0
  0
SPLINE
  5
58
330
1F
100
AcDbEntity
  8
Holes
370
     0
100
AcDbSpline
210
0.0
220
0.0
230
1.0
 70
    11
 71
     3
 72
    17
 73
    13
 74
     0
 42
0.0000000001
 43
0.0000000001
 12
1.0
 22
0.0
 32
0.0
 13
1.0
 23
0.0
 33
0.0
 40
0.0
 40
0.0
 40
0.0
 40
0.0
 40
1.0
 40
1.0
 40
1.0
 40
2.0
 40
2.0
 40
2.0
 40
3.0
 40
3.0
 40
3.0
 40
4.0
 40
4.0
 40
4.0
 40
4.0
 10
189.5690274930266
 20
382.035810926084
 30
0.0
 10
188.1882547543852
 20
382.035810926084
 30
0.0
 10
187.0688786356872
 20
383.1551655129352
 30
0.0
 10
187.0688786356872
 20
384.5359167197298
 30
0.0
 10
187.0688786356872
 20
385.9167109902179
 30
0.0
 10
188.1882547543852
 20
387.0357210675206
 30
0.0
 10
189.5690274930266
 20
387.0357210675206
 30
0.0
 10
190.9497786998212
 20
387.0357210675206
 30
0.0
 10
192.0688103089707
 20
385.9167109902179
 30
0.0
 10
192.0688103089707
 20
384.5359167197298
 30
0.0
 10
192.0688103089707
 20
383.1551655129352
 30
0.0
 10
190.9497786998212
 20
382.035810926084
 30
0.0
 10
189.5690274930266
 20
382.035810926084
 30
0.0
  0
SPLINE
  5
59
330
1F
100
AcDbEntity
  8
Holes
370
     0
100
AcDbSpline
210
0.0
220
0.0
230
1.0
 70
    11
 71
     3
 72
    17
 73
    13
 74
     0
 42
0.0000000001
 43
0.0000000001
 12
1.0
 22
0.0
 32
0.0
 13
1.0
 23
0.0
 33
0.0
 40
0.0
 40
0.0
 40
0.0
 40
0.0
 40
1.0
 40
1.0
 40
1.0
 40
2.0
 40
2.0
 40
2.0
 40
3.0
 40
3.0
 40
3.0
 40
4.0
 40
4.0
 40
4.0
 40
4.0
 10
200.961441498425
 20
407.7510371566343
 30
0.0
 10
199.304436697407
 20
407.7510371566343
 30
0.0
 10
197.9614092861759
 20
409.0940215041718
 30
0.0
 10
197.9614092861759
 20
410.7510263051898
 30
0.0
 10
197.9614092861759
 20
412.4076865966594
 30
0.0
 10
199.304436697407
 20
413.751058517439
 30
0.0
 10
200.961441498425
 20
413.751058517439
 30
0.0
 10
202.6180802580477
 20
413.751058517439
 30
0.0
 10
203.9614521788274
 20
412.4076865966594
 30
0.0
 10
203.9614521788274
 20
410.7510263051898
 30
0.0
 10
203.9614521788274
 20
409.0940215041718
 30
0.0
 10
202.6180802580477
 20
407.7510371566343
 30
0.0
 10
200.961441498425
 20
407.7510371566343
 30
0.0
  0
SPLINE
  5
5A
330
1F
100
AcDbEntity
  8
Holes
370
     0
100
AcDbSpline
210
0.0
220
0.0
230
1.0
 70
    11
 71
     3
 72
    17
 73
    13
 74
     0
 42
0.0000000001
 43
0.0000000001
 12
1.0
 22
0.0
 32
0.0
 13
1.0
 23
0.0
 33
0.0
 40
0.0
 40
0.0
 40
0.0
 40
0.0
 40
1.0
 40
1.0
 40
1.0
 40
2.0
 40
2.0
 40
2.0
 40
3.0
 40
3.0
 40
3.0
 40
4.0
 40
4.0
 40
4.0
 40
4.0
 10
223.3121874780804
 20
432.0692771679159
 30
0.0
 10
221.931414739439
 20
432.0692771679159
 30
0.0
 10
220.812038620741
 20
433.1886317547671
 30
0.0
 10
220.812038620741
 20
434.5693829615616
 30
0.0
 10
220.812038620741
 20
435.9501772320498
 30
0.0
 10
221.931414739439
 20
437.0691873093525
 30
0.0
 10
223.3121874780804
 20
437.0691873093525
 30
0.0
 10
224.6929386848749
 20
437.0691873093525
 30
0.0
 10
225.8119702940245
 20
435.9501772320498
 30
0.0
 10
225.8119702940245
 20
434.5693829615616
 30
0.0
 10
225.8119702940245
 20
433.1886317547671
 30
0.0
 10
224.6929386848749
 20
432.0692771679159
 30
0.0
 10
223.3121874780804
 20
432.0692771679159
 30
0.0
  0
SPLINE
  5
5B
330
1F
100
AcDbEntity
  8
Holes
370
     0
100
AcDbSpline
210
0.0
220
0.0
230
1.0
 70
    11
 71
     3
 72
    17
 73
    13
 74
     0
 42
0.0000000001
 43
0.0000000001
 12
1.0
 22
0.0
 32
0.0
 13
1.0
 23
0.0
 33
0.0
 40
0.0
 40
0.0
 40
0.0
 40
0.0
 40
1.0
 40
1.0
 40
1.0
 40
2.0
 40
2.0
 40
2.0
 40
3.0
 40
3.0
 40
3.0
 40
4.0
 40
4.0
 40
4.0
 40
4.0
 10
313.6577495214662
 20
330.6498001967429
 30
0.0
 10
312.2769767828249
 20
330.6498001967429
 30
0.0
 10
311.1576006641268
 20
331.7691547835942
 30
0.0
 10
311.1576006641268
 20
333.1499275222355
 30
0.0
 10
311.1576006641268
 20
334.5307002608769
 30
0.0
 10
312.2769767828249
 20
335.6500548477281
 30
0.0
 10
313.6577495214662
 20
335.6500548477281
 30
0.0
 10
315.0385007282608
 20
335.6500548477281
 30
0.0
 10
316.1575323374103
 20
334.5307002608769
 30
0.0
 10
316.1575323374103
 20
333.1499275222355
 30
0.0
 10
316.1575323374103
 20
331.7691547835942
 30
0.0
 10
315.0385007282608
 20
330.6498001967429
 30
0.0
 10
313.6577495214662
 20
330.6498001967429
 30
0.0
  0
SPLINE
  5
5C
330
1F
100
AcDbEntity
  8
Holes
370
     0
100
AcDbSpline
210
0.0
220
0.0
230
1.0
 70
    11
 71
     3
 72
    17
 73
    13
 74
     0
 42
0.0000000001
 43
0.0000000001
 12
1.0
 22
0.0
 32
0.0
 13
1.0
 23
0.0
 33
0.0
 40
0.0
 40
0.0
 40
0.0
 40
0.0
 40
1.0
 40
1.0
 40
1.0
 40
2.0
 40
2.0
 40
2.0
 40
3.0
 40
3.0
 40
3.0
 40
4.0
 40
4.0
 40
4.0
 40
4.0
 10
324.130323032303
 20
356.7184716922332
 30
0.0
 10
322.4736627408334
 20
356.7184716922332
 30
0.0
 10
321.1302908200538
 20
358.0618436130127
 30
0.0
 10
321.1302908200538
 20
359.7184823726355
 30
0.0
 10
321.1302908200538
 20
361.3750996004114
 30
0.0
 10
322.4736627408334
 20
362.7185145848846
 30
0.0
 10
324.130323032303
 20
362.7185145848846
 30
0.0
 10
325.7873063014742
 20
362.7185145848846
 30
0.0
 10
327.1303337127053
 20
361.3750996004114
 30
0.0
 10
327.1303337127053
 20
359.7184823726355
 30
0.0
 10
327.1303337127053
 20
358.0618436130127
 30
0.0
 10
325.7873063014742
 20
356.7184716922332
 30
0.0
 10
324.130323032303
 20
356.7184716922332
 30
0.0
  0
SPLINE
  5
5D
330
1F
100
AcDbEntity
  8
Holes
370
     0
100
AcDbSpline
210
0.0
220
0.0
230
1.0
 70
    11
 71
     3
 72
    17
 73
    13
 74
     0
 42
0.0000000001
 43
0.0000000001
 12
1.0
 22
0.0
 32
0.0
 13
1.0
 23
0.0
 33
0.0
 40
0.0
 40
0.0
 40
0.0
 40
0.0
 40
1.0
 40
1.0
 40
1.0
 40
2.0
 40
2.0
 40
2.0
 40
3.0
 40
3.0
 40
3.0
 40
4.0
 40
4.0
 40
4.0
 40
4.0
 10
325.179505330489
 20
389.8754702123185
 30
0.0
 10
323.7987325918476
 20
389.8754702123185
 30
0.0
 10
322.6793564731496
 20
390.9948247991697
 30
0.0
 10
322.6793564731496
 20
392.3752314964158
 30
0.0
 10
322.6793564731496
 20
393.7560257669039
 30
0.0
 10
323.7987325918476
 20
394.8753803537551
 30
0.0
 10
325.179505330489
 20
394.8753803537551
 30
0.0
 10
326.5602565372836
 20
394.8753803537551
 30
0.0
 10
327.6792881464331
 20
393.7560257669039
 30
0.0
 10
327.6792881464331
 20
392.3752314964158
 30
0.0
 10
327.6792881464331
 20
390.9948247991697
 30
0.0
 10
326.5602565372836
 20
389.8754702123185
 30
0.0
 10
325.179505330489
 20
389.8754702123185
 30
0.0
  0
SPLINE
  5
5E
330
1F
100
AcDbEntity
  8
Holes
370
     0
100
AcDbSpline
210
0.0
220
0.0
230
1.0
 70
    11
 71
     3
 72
    29
 73
    25
 74
     0
 42
0.0000000001
 43
0.0000000001
 12
1.0
 22
0.0
 32
0.0
 13
1.0
 23
0.0
 33
0.0
 40
0.0
 40
0.0
 40
0.0
 40
0.0
 40
1.0
 40
1.0
 40
1.0
 40
2.0
 40
2.0
 40
2.0
 40
3.0
 40
3.0
 40
3.0
 40
4.0
 40
4.0
 40
4.0
 40
5.0
 40
5.0
 40
5.0
 40
6.0
 40
6.0
 40
6.0
 40
7.0
 40
7.0
 40
7.0
 40
8.0
 40
8.0
 40
8.0
 40
8.0
 10
393.0174403585599
 20
325.1953312378744
 30
0.0
 10
393.0174403585599
 20
321.8820537186289
 30
0.0
 10
390.3314285997913
 20
319.1956328547714
 30
0.0
 10
387.0174189977552
 20
319.1956328547714
 30
0.0
 10
387.0174189977552
 20
319.1956328547714
 30
0.0
 10
369.0176563611961
 20
319.1956328547714
 30
0.0
 10
369.0176563611961
 20
319.1956328547714
 30
0.0
 10
365.7036467591601
 20
319.1956328547714
 30
0.0
 10
363.0175919366979
 20
321.8820537186289
 30
0.0
 10
363.0175919366979
 20
325.1953312378744
 30
0.0
 10
363.0175919366979
 20
325.1953312378744
 30
0.0
 10
363.0175919366979
 20
333.1956181011087
 30
0.0
 10
363.0175919366979
 20
333.1956181011087
 30
0.0
 10
363.0175919366979
 20
336.5092616617495
 30
0.0
 10
365.7036467591601
 20
339.1956825256069
 30
0.0
 10
369.0176563611961
 20
339.1956825256069
 30
0.0
 10
369.0176563611961
 20
339.1956825256069
 30
0.0
 10
387.0174189977552
 20
339.1956825256069
 30
0.0
 10
387.0174189977552
 20
339.1956825256069
 30
0.0
 10
390.3314285997913
 20
339.1956825256069
 30
0.0
 10
393.0174403585599
 20
336.5092616617495
 30
0.0
 10
393.0174403585599
 20
333.1956181011087
 30
0.0
 10
393.0174403585599
 20
333.1956181011087
 30
0.0
 10
393.0174403585599
 20
325.1953312378744
 30
0.0
 10
393.0174403585599
 20
325.1953312378744
 30
0.0
  0
SPLINE
  5
5F
330
1F
100
AcDbEntity
  8
Holes
370
     0
100
AcDbSpline
210
0.0
220
0.0
230
1.0
 70
    11
 71
     3
 72
    17
 73
    13
 74
     0
 42
0.0000000001
 43
0.0000000001
 12
1.0
 22
0.0
 32
0.0
 13
1.0
 23
0.0
 33
0.0
 40
0.0
 40
0.0
 40
0.0
 40
0.0
 40
1.0
 40
1.0
 40
1.0
 40
2.0
 40
2.0
 40
2.0
 40
3.0
 40
3.0
 40
3.0
 40
4.0
 40
4.0
 40
4.0
 40
4.0
 10
434.0021479899153
 20
355.8331252162175
 30
0.0
 10
432.830557142769
 20
354.6619004104665
 30
0.0
 10
430.9311898743636
 20
354.6619004104665
 30
0.0
 10
429.7596420909108
 20
355.8331252162175
 30
0.0
 10
428.5877067342159
 20
357.0046945315171
 30
0.0
 10
428.5877067342159
 20
358.904406309471
 30
0.0
 10
429.7596420909108
 20
360.0756095833752
 30
0.0
 10
430.9311898743636
 20
361.2475449400701
 30
0.0
 10
432.830557142769
 20
361.2475449400701
 30
0.0
 10
434.0021479899153
 20
360.0756095833752
 30
0.0
 10
435.1736957733681
 20
358.904406309471
 30
0.0
 10
435.1736957733681
 20
357.0046945315171
 30
0.0
 10
434.0021479899153
 20
355.8331252162175
 30
0.0
  0
SPLINE
  5
60
330
1F
100
AcDbEntity
  8
Holes
370
     0
100
AcDbSpline
210
0.0
220
0.0
230
1.0
 70
    11
 71
     3
 72
    17
 73
    13
 74
     0
 42
0.0000000001
 43
0.0000000001
 12
1.0
 22
0.0
 32
0.0
 13
1.0
 23
0.0
 33
0.0
 40
0.0
 40
0.0
 40
0.0
 40
0.0
 40
1.0
 40
1.0
 40
1.0
 40
2.0
 40
2.0
 40
2.0
 40
3.0
 40
3.0
 40
3.0
 40
4.0
 40
4.0
 40
4.0
 40
4.0
 10
428.3348797892922
 20
392.391767954745
 30
0.0
 10
428.3348797892922
 20
393.7725191615395
 30
0.0
 10
429.454277439837
 20
394.8918737483908
 30
0.0
 10
430.8350286466315
 20
394.8918737483908
 30
0.0
 10
432.2154353438776
 20
394.8918737483908
 30
0.0
 10
433.3348329944224
 20
393.7725191615395
 30
0.0
 10
433.3348329944224
 20
392.391767954745
 30
0.0
 10
433.3348329944224
 20
391.0109736842568
 30
0.0
 10
432.2154353438776
 20
389.8916190974056
 30
0.0
 10
430.8350286466315
 20
389.8916190974056
 30
0.0
 10
429.454277439837
 20
389.8916190974056
 30
0.0
 10
428.3348797892922
 20
391.0109736842568
 30
0.0
 10
428.3348797892922
 20
392.391767954745
 30
0.0
  0
SPLINE
  5
61
330
1F
100
AcDbEntity
  8
Holes
370
     0
100
AcDbSpline
210
0.0
220
0.0
230
1.0
 70
    11
 71
     3
 72
    17
 73
    13
 74
     0
 42
0.0000000001
 43
0.0000000001
 12
1.0
 22
0.0
 32
0.0
 13
1.0
 23
0.0
 33
0.0
 40
0.0
 40
0.0
 40
0.0
 40
0.0
 40
1.0
 40
1.0
 40
1.0
 40
2.0
 40
2.0
 40
2.0
 40
3.0
 40
3.0
 40
3.0
 40
4.0
 40
4.0
 40
4.0
 40
4.0
 10
442.3499157965306
 20
330.6342542033657
 30
0.0
 10
440.9695090992846
 20
330.6342542033657
 30
0.0
 10
439.8501114487398
 20
331.7536303220638
 30
0.0
 10
439.8501114487398
 20
333.1344030607052
 30
0.0
 10
439.8501114487398
 20
334.5151542674997
 30
0.0
 10
440.9695090992846
 20
335.6345303861977
 30
0.0
 10
442.3499157965306
 20
335.6345303861977
 30
0.0
 10
443.7306670033252
 20
335.6345303861977
 30
0.0
 10
444.85006465387
 20
334.5151542674997
 30
0.0
 10
444.85006465387
 20
333.1344030607052
 30
0.0
 10
444.85006465387
 20
331.7536303220638
 30
0.0
 10
443.7306670033252
 20
330.6342542033657
 30
0.0
 10
442.3499157965306
 20
330.6342542033657
 30
0.0
  0
SPLINE
  5
62
330
1F
100
AcDbEntity
  8
Holes
370
     0
100
AcDbSpline
210
0.0
220
0.0
230
1.0
 70
    11
 71
     3
 72
    17
 73
    13
 74
     0
 42
0.0000000001
 43
0.0000000001
 12
1.0
 22
0.0
 32
0.0
 13
1.0
 23
0.0
 33
0.0
 40
0.0
 40
0.0
 40
0.0
 40
0.0
 40
1.0
 40
1.0
 40
1.0
 40
2.0
 40
2.0
 40
2.0
 40
3.0
 40
3.0
 40
3.0
 40
4.0
 40
4.0
 40
4.0
 40
4.0
 10
532.702368030887
 20
432.0857705625515
 30
0.0
 10
531.3216168240924
 20
432.0857705625515
 30
0.0
 10
530.2022191735475
 20
433.2051251494027
 30
0.0
 10
530.2022191735475
 20
434.5855749103424
 30
0.0
 10
530.2022191735475
 20
435.9663261171369
 30
0.0
 10
531.3216168240924
 20
437.0856807039881
 30
0.0
 10
532.702368030887
 20
437.0856807039881
 30
0.0
 10
534.082774728133
 20
437.0856807039881
 30
0.0
 10
535.2021723786778
 20
435.9663261171369
 30
0.0
 10
535.2021723786778
 20
434.5855749103424
 30
0.0
 10
535.2021723786778
 20
433.2051251494027
 30
0.0
 10
534.082774728133
 20
432.0857705625515
 30
0.0
 10
532.702368030887
 20
432.0857705625515
 30
0.0
  0
SPLINE
  5
63
330
1F
100
AcDbEntity
  8
Holes
370
     0
100
AcDbSpline
210
0.0
220
0.0
230
1.0
 70
    11
 71
     3
 72
    17
 73
    13
 74
     0
 42
0.0000000001
 43
0.0000000001
 12
1.0
 22
0.0
 32
0.0
 13
1.0
 23
0.0
 33
0.0
 40
0.0
 40
0.0
 40
0.0
 40
0.0
 40
1.0
 40
1.0
 40
1.0
 40
2.0
 40
2.0
 40
2.0
 40
3.0
 40
3.0
 40
3.0
 40
4.0
 40
4.0
 40
4.0
 40
4.0
 10
555.0479463673145
 20
407.7354911632571
 30
0.0
 10
553.391286075845
 20
407.7354911632571
 30
0.0
 10
552.0479141550653
 20
409.0785185744882
 30
0.0
 10
552.0479141550653
 20
410.7355233755063
 30
0.0
 10
552.0479141550653
 20
412.3921406032822
 30
0.0
 10
553.391286075845
 20
413.7355125240618
 30
0.0
 10
555.0479463673145
 20
413.7355125240618
 30
0.0
 10
556.7049511683325
 20
413.7355125240618
 30
0.0
 10
558.0479785795635
 20
412.3921406032822
 30
0.0
 10
558.0479785795635
 20
410.7355233755063
 30
0.0
 10
558.0479785795635
 20
409.0785185744882
 30
0.0
 10
556.7049511683325
 20
407.7354911632571
 30
0.0
 10
555.0479463673145
 20
407.7354911632571
 30
0.0
  0
SPLINE
  5
64
330
1F
100
AcDbEntity
  8
Holes
370
     0
100
AcDbSpline
210
0.0
220
0.0
230
1.0
 70
    11
 71
     3
 72
    17
 73
    13
 74
     0
 42
0.0000000001
 43
0.0000000001
 12
1.0
 22
0.0
 32
0.0
 13
1.0
 23
0.0
 33
0.0
 40
0.0
 40
0.0
 40
0.0
 40
0.0
 40
1.0
 40
1.0
 40
1.0
 40
2.0
 40
2.0
 40
2.0
 40
3.0
 40
3.0
 40
3.0
 40
4.0
 40
4.0
 40
4.0
 40
4.0
 10
566.4422551752298
 20
382.0357678623904
 30
0.0
 10
565.0614609047416
 20
382.0357678623904
 30
0.0
 10
563.9421063178904
 20
383.1551224492416
 30
0.0
 10
563.9421063178904
 20
384.5359167197298
 30
0.0
 10
563.9421063178904
 20
385.9166679265243
 30
0.0
 10
565.0614609047416
 20
387.0356780038271
 30
0.0
 10
566.4422551752298
 20
387.0356780038271
 30
0.0
 10
567.8230063820243
 20
387.0356780038271
 30
0.0
 10
568.9424040325691
 20
385.9166679265243
 30
0.0
 10
568.9424040325691
 20
384.5359167197298
 30
0.0
 10
568.9424040325691
 20
383.1551224492416
 30
0.0
 10
567.8230063820243
 20
382.0357678623904
 30
0.0
 10
566.4422551752298
 20
382.0357678623904
 30
0.0
  0
SPLINE
  5
65
330
1F
100
AcDbEntity
  8
Holes
370
     0
100
AcDbSpline
210
0.0
220
0.0
230
1.0
 70
    11
 71
     3
 72
    17
 73
    13
 74
     0
 42
0.0000000001
 43
0.0000000001
 12
1.0
 22
0.0
 32
0.0
 13
1.0
 23
0.0
 33
0.0
 40
0.0
 40
0.0
 40
0.0
 40
0.0
 40
1.0
 40
1.0
 40
1.0
 40
2.0
 40
2.0
 40
2.0
 40
3.0
 40
3.0
 40
3.0
 40
4.0
 40
4.0
 40
4.0
 40
4.0
 10
586.157201662814
 20
413.3866104787931
 30
0.0
 10
584.7905322838154
 20
412.0199410997945
 30
0.0
 10
582.5743884855414
 20
412.0199410997945
 30
0.0
 10
581.2073745969942
 20
413.3866104787931
 30
0.0
 10
579.8407052179956
 20
414.7536243673403
 30
0.0
 10
579.8407052179956
 20
416.9694236560658
 30
0.0
 10
581.2073745969942
 20
418.336437544613
 30
0.0
 10
582.5743884855414
 20
419.703063859918
 30
0.0
 10
584.7905322838154
 20
419.703063859918
 30
0.0
 10
586.157201662814
 20
418.336437544613
 30
0.0
 10
587.523827978119
 20
416.9694236560658
 30
0.0
 10
587.523827978119
 20
414.7536243673403
 30
0.0
 10
586.157201662814
 20
413.3866104787931
 30
0.0
  0
SPLINE
  5
66
330
1F
100
AcDbEntity
  8
Holes
370
     0
100
AcDbSpline
210
0.0
220
0.0
230
1.0
 70
    11
 71
     3
 72
    29
 73
    25
 74
     0
 42
0.0000000001
 43
0.0000000001
 12
1.0
 22
0.0
 32
0.0
 13
1.0
 23
0.0
 33
0.0
 40
0.0
 40
0.0
 40
0.0
 40
0.0
 40
1.0
 40
1.0
 40
1.0
 40
2.0
 40
2.0
 40
2.0
 40
3.0
 40
3.0
 40
3.0
 40
4.0
 40
4.0
 40
4.0
 40
5.0
 40
5.0
 40
5.0
 40
6.0
 40
6.0
 40
6.0
 40
7.0
 40
7.0
 40
7.0
 40
8.0
 40
8.0
 40
8.0
 40
8.0
 10
630.9954639128891
 20
423.1295127658539
 30
0.0
 10
630.9954639128891
 20
423.1295127658539
 30
0.0
 10
618.2675586426336
 20
410.401650559292
 30
0.0
 10
618.2675586426336
 20
410.401650559292
 30
0.0
 10
615.9244200120346
 20
408.0584688649993
 30
0.0
 10
612.1257285389174
 20
408.0584688649993
 30
0.0
 10
609.7822023350761
 20
410.401650559292
 30
0.0
 10
609.7822023350761
 20
410.401650559292
 30
0.0
 10
604.1254416756831
 20
416.0584112186851
 30
0.0
 10
604.1254416756831
 20
416.0584112186851
 30
0.0
 10
601.7822599813904
 20
418.4015929129777
 30
0.0
 10
601.7822599813904
 20
422.2002843860949
 30
0.0
 10
604.1254416756831
 20
424.5438105899361
 30
0.0
 10
604.1254416756831
 20
424.5438105899361
 30
0.0
 10
616.8533038822451
 20
437.2716727964981
 30
0.0
 10
616.8533038822451
 20
437.2716727964981
 30
0.0
 10
619.1967870223926
 20
439.6148114270972
 30
0.0
 10
622.9955215592034
 20
439.6148114270972
 30
0.0
 10
625.3386601898026
 20
437.2716727964981
 30
0.0
 10
625.3386601898026
 20
437.2716727964981
 30
0.0
 10
630.9954639128891
 20
431.6148690734114
 30
0.0
 10
630.9954639128891
 20
431.6148690734114
 30
0.0
 10
633.3389470530368
 20
429.2717304428123
 30
0.0
 10
633.3389470530368
 20
425.472651396453
 30
0.0
 10
630.9954639128891
 20
423.1295127658539
 30
0.0
  0
SPLINE
  5
67
330
1F
100
AcDbEntity
  8
Holes
370
     0
100
AcDbSpline
210
0.0
220
0.0
230
1.0
 70
    11
 71
     3
 72
    17
 73
    13
 74
     0
 42
0.0000000001
 43
0.0000000001
 12
1.0
 22
0.0
 32
0.0
 13
1.0
 23
0.0
 33
0.0
 40
0.0
 40
0.0
 40
0.0
 40
0.0
 40
1.0
 40
1.0
 40
1.0
 40
2.0
 40
2.0
 40
2.0
 40
3.0
 40
3.0
 40
3.0
 40
4.0
 40
4.0
 40
4.0
 40
4.0
 10
604.9063586948021
 20
509.2766230687529
 30
0.0
 10
604.9063586948021
 20
510.6573742755475
 30
0.0
 10
606.0257132816533
 20
511.7767288623987
 30
0.0
 10
607.4065075521414
 20
511.7767288623987
 30
0.0
 10
608.787258758936
 20
511.7767288623987
 30
0.0
 10
609.9066564094808
 20
510.6573742755475
 30
0.0
 10
609.9066564094808
 20
509.2766230687529
 30
0.0
 10
609.9066564094808
 20
507.8958287982648
 30
0.0
 10
608.787258758936
 20
506.7764742114135
 30
0.0
 10
607.4065075521414
 20
506.7764742114135
 30
0.0
 10
606.0257132816533
 20
506.7764742114135
 30
0.0
 10
604.9063586948021
 20
507.8958287982648
 30
0.0
 10
604.9063586948021
 20
509.2766230687529
 30
0.0
  0
SPLINE
  5
68
330
1F
100
AcDbEntity
  8
Holes
370
     0
100
AcDbSpline
210
0.0
220
0.0
230
1.0
 70
    11
 71
     3
 72
    17
 73
    13
 74
     0
 42
0.0000000001
 43
0.0000000001
 12
1.0
 22
0.0
 32
0.0
 13
1.0
 23
0.0
 33
0.0
 40
0.0
 40
0.0
 40
0.0
 40
0.0
 40
1.0
 40
1.0
 40
1.0
 40
2.0
 40
2.0
 40
2.0
 40
3.0
 40
3.0
 40
3.0
 40
4.0
 40
4.0
 40
4.0
 40
4.0
 10
623.6557741089515
 20
460.7848370565703
 30
0.0
 10
625.0227879974987
 20
462.1514633718754
 30
0.0
 10
627.2385872862243
 20
462.1514633718754
 30
0.0
 10
628.6056011747713
 20
460.7848370565703
 30
0.0
 10
629.9722274900764
 20
459.4178231680232
 30
0.0
 10
629.9722274900764
 20
457.2020238792976
 30
0.0
 10
628.6056011747713
 20
455.8350099907505
 30
0.0
 10
627.2385872862243
 20
454.4683406117518
 30
0.0
 10
625.0227879974987
 20
454.4683406117518
 30
0.0
 10
623.6557741089515
 20
455.8350099907505
 30
0.0
 10
622.2891047299529
 20
457.2020238792976
 30
0.0
 10
622.2891047299529
 20
459.4178231680232
 30
0.0
 10
623.6557741089515
 20
460.7848370565703
 30
0.0
  0
SPLINE
  5
69
330
1F
100
AcDbEntity
  8
Holes
370
     0
100
AcDbSpline
210
0.0
220
0.0
230
1.0
 70
    11
 71
     3
 72
    17
 73
    13
 74
     0
 42
0.0000000001
 43
0.0000000001
 12
1.0
 22
0.0
 32
0.0
 13
1.0
 23
0.0
 33
0.0
 40
0.0
 40
0.0
 40
0.0
 40
0.0
 40
1.0
 40
1.0
 40
1.0
 40
2.0
 40
2.0
 40
2.0
 40
3.0
 40
3.0
 40
3.0
 40
4.0
 40
4.0
 40
4.0
 40
4.0
 10
631.2386445904542
 20
483.9275674245911
 30
0.0
 10
629.5816397894362
 20
483.9275674245911
 30
0.0
 10
628.2386123782052
 20
485.2709393453707
 30
0.0
 10
628.2386123782052
 20
486.9275996368402
 30
0.0
 10
628.2386123782052
 20
488.5845613741647
 30
0.0
 10
629.5816397894362
 20
489.9275887853958
 30
0.0
 10
631.2386445904542
 20
489.9275887853958
 30
0.0
 10
632.8952618182302
 20
489.9275887853958
 30
0.0
 10
634.2386768027034
 20
488.5845613741647
 30
0.0
 10
634.2386768027034
 20
486.9275996368402
 30
0.0
 10
634.2386768027034
 20
485.2709393453707
 30
0.0
 10
632.8952618182302
 20
483.9275674245911
 30
0.0
 10
631.2386445904542
 20
483.9275674245911
 30
0.0
  0
SPLINE
  5
6A
330
1F
100
AcDbEntity
  8
Holes
370
     0
100
AcDbSpline
210
0.0
220
0.0
230
1.0
 70
    11
 71
     3
 72
    17
 73
    13
 74
     0
 42
0.0000000001
 43
0.0000000001
 12
1.0
 22
0.0
 32
0.0
 13
1.0
 23
0.0
 33
0.0
 40
0.0
 40
0.0
 40
0.0
 40
0.0
 40
1.0
 40
1.0
 40
1.0
 40
2.0
 40
2.0
 40
2.0
 40
3.0
 40
3.0
 40
3.0
 40
4.0
 40
4.0
 40
4.0
 40
4.0
 10
378.000656711598
 20
402.470136414682
 30
0.0
 10
233.5783997693506
 20
402.470136414682
 30
0.0
 10
116.5006408400155
 20
519.547916875864
 30
0.0
 10
116.5006408400155
 20
663.970195349958
 30
0.0
 10
116.5006408400155
 20
808.3924307603585
 30
0.0
 10
233.5783997693506
 20
925.4702112215405
 30
0.0
 10
378.000656711598
 20
925.4702112215405
 30
0.0
 10
522.422935185692
 20
925.4702112215405
 30
0.0
 10
639.500715646874
 20
808.3924307603585
 30
0.0
 10
639.500715646874
 20
663.970195349958
 30
0.0
 10
639.500715646874
 20
519.547916875864
 30
0.0
 10
522.422935185692
 20
402.470136414682
 30
0.0
 10
378.000656711598
 20
402.470136414682
 30
0.0
  0
SPLINE
  5
6B
330
1F
100
AcDbEntity
  8
Holes
370
     0
100
AcDbSpline
210
0.0
220
0.0
230
1.0
 70
    11
 71
     3
 72
    29
 73
    25
 74
     0
 42
0.0000000001
 43
0.0000000001
 12
1.0
 22
0.0
 32
0.0
 13
1.0
 23
0.0
 33
0.0
 40
0.0
 40
0.0
 40
0.0
 40
0.0
 40
1.0
 40
1.0
 40
1.0
 40
2.0
 40
2.0
 40
2.0
 40
3.0
 40
3.0
 40
3.0
 40
4.0
 40
4.0
 40
4.0
 40
5.0
 40
5.0
 40
5.0
 40
6.0
 40
6.0
 40
6.0
 40
7.0
 40
7.0
 40
7.0
 40
8.0
 40
8.0
 40
8.0
 40
8.0
 10
139.1531987160255
 20
890.179858854061
 30
0.0
 10
136.8100385535796
 20
887.8366771597683
 30
0.0
 10
133.0109810390671
 20
887.8366771597683
 30
0.0
 10
130.6678208766212
 20
890.179858854061
 30
0.0
 10
130.6678208766212
 20
890.179858854061
 30
0.0
 10
125.0110386853814
 20
895.836619513454
 30
0.0
 10
125.0110386853814
 20
895.836619513454
 30
0.0
 10
122.6678785229355
 20
898.1798012077468
 30
0.0
 10
122.6678785229355
 20
901.978880254106
 30
0.0
 10
125.0110386853814
 20
904.3219758210115
 30
0.0
 10
125.0110386853814
 20
904.3219758210115
 30
0.0
 10
137.7389008919433
 20
917.0498810912671
 30
0.0
 10
137.7389008919433
 20
917.0498810912671
 30
0.0
 10
140.0820610543892
 20
919.3930627855598
 30
0.0
 10
143.8811185689017
 20
919.3930627855598
 30
0.0
 10
146.2242787313476
 20
917.0498810912671
 30
0.0
 10
146.2242787313476
 20
917.0498810912671
 30
0.0
 10
151.8810609225875
 20
911.393120431874
 30
0.0
 10
151.8810609225875
 20
911.393120431874
 30
0.0
 10
154.2242210850333
 20
909.0499387375813
 30
0.0
 10
154.2242210850333
 20
905.2508596912221
 30
0.0
 10
151.8810609225875
 20
902.9077641243165
 30
0.0
 10
151.8810609225875
 20
902.9077641243165
 30
0.0
 10
139.1531987160255
 20
890.179858854061
 30
0.0
 10
139.1531987160255
 20
890.179858854061
 30
0.0
  0
SPLINE
  5
6C
330
1F
100
AcDbEntity
  8
Holes
370
     0
100
AcDbSpline
210
0.0
220
0.0
230
1.0
 70
    11
 71
     3
 72
    17
 73
    13
 74
     0
 42
0.0000000001
 43
0.0000000001
 12
1.0
 22
0.0
 32
0.0
 13
1.0
 23
0.0
 33
0.0
 40
0.0
 40
0.0
 40
0.0
 40
0.0
 40
1.0
 40
1.0
 40
1.0
 40
2.0
 40
2.0
 40
2.0
 40
3.0
 40
3.0
 40
3.0
 40
4.0
 40
4.0
 40
4.0
 40
4.0
 10
151.1028569161631
 20
818.6638106948567
 30
0.0
 10
151.1028569161631
 20
817.2830164243685
 30
0.0
 10
149.9835023293118
 20
816.1636187738237
 30
0.0
 10
148.603074100219
 20
816.1636187738237
 30
0.0
 10
147.2223013615777
 20
816.1636187738237
 30
0.0
 10
146.1029467747264
 20
817.2830164243685
 30
0.0
 10
146.1029467747264
 20
818.6638106948567
 30
0.0
 10
146.1029467747264
 20
820.0445188379576
 30
0.0
 10
147.2223013615777
 20
821.1635719789539
 30
0.0
 10
148.603074100219
 20
821.1635719789539
 30
0.0
 10
149.9835023293118
 20
821.1635719789539
 30
0.0
 10
151.1028569161631
 20
820.0445188379576
 30
0.0
 10
151.1028569161631
 20
818.6638106948567
 30
0.0
  0
SPLINE
  5
6D
330
1F
100
AcDbEntity
  8
Holes
370
     0
100
AcDbSpline
210
0.0
220
0.0
230
1.0
 70
    11
 71
     3
 72
    17
 73
    13
 74
     0
 42
0.0000000001
 43
0.0000000001
 12
1.0
 22
0.0
 32
0.0
 13
1.0
 23
0.0
 33
0.0
 40
0.0
 40
0.0
 40
0.0
 40
0.0
 40
1.0
 40
1.0
 40
1.0
 40
2.0
 40
2.0
 40
2.0
 40
3.0
 40
3.0
 40
3.0
 40
4.0
 40
4.0
 40
4.0
 40
4.0
 10
132.3538290752557
 20
867.1791956111132
 30
0.0
 10
130.9868151867086
 20
865.812181722566
 30
0.0
 10
128.771015897983
 20
865.812181722566
 30
0.0
 10
127.4040020094359
 20
867.1791956111132
 30
0.0
 10
126.0369881208888
 20
868.5457788627247
 30
0.0
 10
126.0369881208888
 20
870.7619226609988
 30
0.0
 10
127.4040020094359
 20
872.128936549546
 30
0.0
 10
128.771015897983
 20
873.4956059285446
 30
0.0
 10
130.9868151867086
 20
873.4956059285446
 30
0.0
 10
132.3538290752557
 20
872.128936549546
 30
0.0
 10
133.7204984542543
 20
870.7619226609988
 30
0.0
 10
133.7204984542543
 20
868.5457788627247
 30
0.0
 10
132.3538290752557
 20
867.1791956111132
 30
0.0
  0
SPLINE
  5
6E
330
1F
100
AcDbEntity
  8
Holes
370
     0
100
AcDbSpline
210
0.0
220
0.0
230
1.0
 70
    11
 71
     3
 72
    17
 73
    13
 74
     0
 42
0.0000000001
 43
0.0000000001
 12
1.0
 22
0.0
 32
0.0
 13
1.0
 23
0.0
 33
0.0
 40
0.0
 40
0.0
 40
0.0
 40
0.0
 40
1.0
 40
1.0
 40
1.0
 40
2.0
 40
2.0
 40
2.0
 40
3.0
 40
3.0
 40
3.0
 40
4.0
 40
4.0
 40
4.0
 40
4.0
 10
124.7709370619062
 20
844.0126510205507
 30
0.0
 10
126.4279418629243
 20
844.0126510205507
 30
0.0
 10
127.7709692741553
 20
842.669580545626
 30
0.0
 10
127.7709692741553
 20
841.0126618719952
 30
0.0
 10
127.7709692741553
 20
839.3560015805256
 30
0.0
 10
126.4279418629243
 20
838.0125865960524
 30
0.0
 10
124.7709370619062
 20
838.0125865960524
 30
0.0
 10
123.1139322608882
 20
838.0125865960524
 30
0.0
 10
121.7709263815039
 20
839.3560015805256
 30
0.0
 10
121.7709263815039
 20
841.0126618719952
 30
0.0
 10
121.7709263815039
 20
842.669580545626
 30
0.0
 10
123.1139322608882
 20
844.0126510205507
 30
0.0
 10
124.7709370619062
 20
844.0126510205507
 30
0.0
  0
SPLINE
  5
6F
330
1F
100
AcDbEntity
  8
Holes
370
     0
100
AcDbSpline
210
0.0
220
0.0
230
1.0
 70
    11
 71
     3
 72
    17
 73
    13
 74
     0
 42
0.0000000001
 43
0.0000000001
 12
1.0
 22
0.0
 32
0.0
 13
1.0
 23
0.0
 33
0.0
 40
0.0
 40
0.0
 40
0.0
 40
0.0
 40
1.0
 40
1.0
 40
1.0
 40
2.0
 40
2.0
 40
2.0
 40
3.0
 40
3.0
 40
3.0
 40
4.0
 40
4.0
 40
4.0
 40
4.0
 10
169.85242305324
 20
914.577163806729
 30
0.0
 10
171.2194369417872
 20
915.9438331857276
 30
0.0
 10
173.4352146986659
 20
915.9438331857276
 30
0.0
 10
174.8022285872131
 20
914.577163806729
 30
0.0
 10
176.1688979662117
 20
913.2101499181819
 30
0.0
 10
176.1688979662117
 20
910.9944367568435
 30
0.0
 10
174.8022285872131
 20
909.6274228682963
 30
0.0
 10
173.4352146986659
 20
908.2604089797492
 30
0.0
 10
171.2194369417872
 20
908.2604089797492
 30
0.0
 10
169.85242305324
 20
909.6274228682963
 30
0.0
 10
168.4854091646929
 20
910.9944367568435
 30
0.0
 10
168.4854091646929
 20
913.2101499181819
 30
0.0
 10
169.85242305324
 20
914.577163806729
 30
0.0
  0
SPLINE
  5
70
330
1F
100
AcDbEntity
  8
Holes
370
     0
100
AcDbSpline
210
0.0
220
0.0
230
1.0
 70
    11
 71
     3
 72
    17
 73
    13
 74
     0
 42
0.0000000001
 43
0.0000000001
 12
1.0
 22
0.0
 32
0.0
 13
1.0
 23
0.0
 33
0.0
 40
0.0
 40
0.0
 40
0.0
 40
0.0
 40
1.0
 40
1.0
 40
1.0
 40
2.0
 40
2.0
 40
2.0
 40
3.0
 40
3.0
 40
3.0
 40
4.0
 40
4.0
 40
4.0
 40
4.0
 10
187.0654550720487
 20
943.4045170438798
 30
0.0
 10
187.0654550720487
 20
944.7852251869808
 30
0.0
 10
188.1848096589
 20
945.9046228375256
 30
0.0
 10
189.5652378879928
 20
945.9046228375256
 30
0.0
 10
190.9460106266342
 20
945.9046228375256
 30
0.0
 10
192.0653652134854
 20
944.7852251869808
 30
0.0
 10
192.0653652134854
 20
943.4045170438798
 30
0.0
 10
192.0653652134854
 20
942.0237227733917
 30
0.0
 10
190.9460106266342
 20
940.9046696323954
 30
0.0
 10
189.5652378879928
 20
940.9046696323954
 30
0.0
 10
188.1848096589
 20
940.9046696323954
 30
0.0
 10
187.0654550720487
 20
942.0237227733917
 30
0.0
 10
187.0654550720487
 20
943.4045170438798
 30
0.0
  0
SPLINE
  5
71
330
1F
100
AcDbEntity
  8
Holes
370
     0
100
AcDbSpline
210
0.0
220
0.0
230
1.0
 70
    11
 71
     3
 72
    17
 73
    13
 74
     0
 42
0.0000000001
 43
0.0000000001
 12
1.0
 22
0.0
 32
0.0
 13
1.0
 23
0.0
 33
0.0
 40
0.0
 40
0.0
 40
0.0
 40
0.0
 40
1.0
 40
1.0
 40
1.0
 40
2.0
 40
2.0
 40
2.0
 40
3.0
 40
3.0
 40
3.0
 40
4.0
 40
4.0
 40
4.0
 40
4.0
 10
197.9702373433568
 20
917.2085277383628
 30
0.0
 10
197.9702373433568
 20
918.8654464119937
 30
0.0
 10
199.3136092641365
 20
920.2085168869183
 30
0.0
 10
200.9702480237592
 20
920.2085168869183
 30
0.0
 10
202.6272528247772
 20
920.2085168869183
 30
0.0
 10
203.9702802360083
 20
918.8654464119937
 30
0.0
 10
203.9702802360083
 20
917.2085277383628
 30
0.0
 10
203.9702802360083
 20
915.5515229373448
 30
0.0
 10
202.6272528247772
 20
914.2084524624202
 30
0.0
 10
200.9702480237592
 20
914.2084524624202
 30
0.0
 10
199.3136092641365
 20
914.2084524624202
 30
0.0
 10
197.9702373433568
 20
915.5515229373448
 30
0.0
 10
197.9702373433568
 20
917.2085277383628
 30
0.0
  0
SPLINE
  5
72
330
1F
100
AcDbEntity
  8
Holes
370
     0
100
AcDbSpline
210
0.0
220
0.0
230
1.0
 70
    11
 71
     3
 72
    17
 73
    13
 74
     0
 42
0.0000000001
 43
0.0000000001
 12
1.0
 22
0.0
 32
0.0
 13
1.0
 23
0.0
 33
0.0
 40
0.0
 40
0.0
 40
0.0
 40
0.0
 40
1.0
 40
1.0
 40
1.0
 40
2.0
 40
2.0
 40
2.0
 40
3.0
 40
3.0
 40
3.0
 40
4.0
 40
4.0
 40
4.0
 40
4.0
 10
220.8298239261836
 20
893.3781132477926
 30
0.0
 10
220.8298239261836
 20
894.7588213908937
 30
0.0
 10
221.9491785130348
 20
895.8782190414385
 30
0.0
 10
223.3296067421277
 20
895.8782190414385
 30
0.0
 10
224.710379480769
 20
895.8782190414385
 30
0.0
 10
225.8297340676203
 20
894.7588213908937
 30
0.0
 10
225.8297340676203
 20
893.3781132477926
 30
0.0
 10
225.8297340676203
 20
891.9973189773045
 30
0.0
 10
224.710379480769
 20
890.8782658363083
 30
0.0
 10
223.3296067421277
 20
890.8782658363083
 30
0.0
 10
221.9491785130348
 20
890.8782658363083
 30
0.0
 10
220.8298239261836
 20
891.9973189773045
 30
0.0
 10
220.8298239261836
 20
893.3781132477926
 30
0.0
  0
SPLINE
  5
73
330
1F
100
AcDbEntity
  8
Holes
370
     0
100
AcDbSpline
210
0.0
220
0.0
230
1.0
 70
    11
 71
     3
 72
    17
 73
    13
 74
     0
 42
0.0000000001
 43
0.0000000001
 12
1.0
 22
0.0
 32
0.0
 13
1.0
 23
0.0
 33
0.0
 40
0.0
 40
0.0
 40
0.0
 40
0.0
 40
1.0
 40
1.0
 40
1.0
 40
2.0
 40
2.0
 40
2.0
 40
3.0
 40
3.0
 40
3.0
 40
4.0
 40
4.0
 40
4.0
 40
4.0
 10
311.1576652596672
 20
994.8043081551618
 30
0.0
 10
311.1576652596672
 20
996.1850162982628
 30
0.0
 10
312.2770198465184
 20
997.3040694392591
 30
0.0
 10
313.6577925851598
 20
997.3040694392591
 30
0.0
 10
315.0382208142526
 20
997.3040694392591
 30
0.0
 10
316.1575754011038
 20
996.1850162982628
 30
0.0
 10
316.1575754011038
 20
994.8043081551618
 30
0.0
 10
316.1575754011038
 20
993.4235138846736
 30
0.0
 10
315.0382208142526
 20
992.3041162341289
 30
0.0
 10
313.6577925851598
 20
992.3041162341289
 30
0.0
 10
312.2770198465184
 20
992.3041162341289
 30
0.0
 10
311.1576652596672
 20
993.4235138846736
 30
0.0
 10
311.1576652596672
 20
994.8043081551618
 30
0.0
  0
SPLINE
  5
74
330
1F
100
AcDbEntity
  8
Holes
370
     0
100
AcDbSpline
210
0.0
220
0.0
230
1.0
 70
    11
 71
     3
 72
    17
 73
    13
 74
     0
 42
0.0000000001
 43
0.0000000001
 12
1.0
 22
0.0
 32
0.0
 13
1.0
 23
0.0
 33
0.0
 40
0.0
 40
0.0
 40
0.0
 40
0.0
 40
1.0
 40
1.0
 40
1.0
 40
2.0
 40
2.0
 40
2.0
 40
3.0
 40
3.0
 40
3.0
 40
4.0
 40
4.0
 40
4.0
 40
4.0
 10
326.2695766057156
 20
966.1058876165465
 30
0.0
 10
325.0983733318113
 20
964.9339522598516
 30
0.0
 10
323.1986615538574
 20
964.9339522598516
 30
0.0
 10
322.0270922385579
 20
966.1058876165465
 30
0.0
 10
320.8555013914116
 20
967.2771339541443
 30
0.0
 10
320.8555013914116
 20
969.1768457320982
 30
0.0
 10
322.0270922385579
 20
970.3484365792445
 30
0.0
 10
323.1986615538574
 20
971.5199412990038
 30
0.0
 10
325.0983733318113
 20
971.5199412990038
 30
0.0
 10
326.2695766057156
 20
970.3484365792445
 30
0.0
 10
327.4411674528619
 20
969.1768457320982
 30
0.0
 10
327.4411674528619
 20
967.2771339541443
 30
0.0
 10
326.2695766057156
 20
966.1058876165465
 30
0.0
  0
SPLINE
  5
75
330
1F
100
AcDbEntity
  8
Holes
370
     0
100
AcDbSpline
210
0.0
220
0.0
230
1.0
 70
    11
 71
     3
 72
    17
 73
    13
 74
     0
 42
0.0000000001
 43
0.0000000001
 12
1.0
 22
0.0
 32
0.0
 13
1.0
 23
0.0
 33
0.0
 40
0.0
 40
0.0
 40
0.0
 40
0.0
 40
1.0
 40
1.0
 40
1.0
 40
2.0
 40
2.0
 40
2.0
 40
3.0
 40
3.0
 40
3.0
 40
4.0
 40
4.0
 40
4.0
 40
4.0
 10
327.6970734518757
 20
935.5720924581643
 30
0.0
 10
327.6970734518757
 20
934.1912981876761
 30
0.0
 10
326.5777188650244
 20
933.0722450466799
 30
0.0
 10
325.1969461263831
 20
933.0722450466799
 30
0.0
 10
323.8165178972902
 20
933.0722450466799
 30
0.0
 10
322.697163310439
 20
934.1912981876761
 30
0.0
 10
322.697163310439
 20
935.5720924581643
 30
0.0
 10
322.697163310439
 20
936.9528006012653
 30
0.0
 10
323.8165178972902
 20
938.0721982518102
 30
0.0
 10
325.1969461263831
 20
938.0721982518102
 30
0.0
 10
326.5777188650244
 20
938.0721982518102
 30
0.0
 10
327.6970734518757
 20
936.9528006012653
 30
0.0
 10
327.6970734518757
 20
935.5720924581643
 30
0.0
  0
SPLINE
  5
76
330
1F
100
AcDbEntity
  8
Holes
370
     0
100
AcDbSpline
210
0.0
220
0.0
230
1.0
 70
    11
 71
     3
 72
    29
 73
    25
 74
     0
 42
0.0000000001
 43
0.0000000001
 12
1.0
 22
0.0
 32
0.0
 13
1.0
 23
0.0
 33
0.0
 40
0.0
 40
0.0
 40
0.0
 40
0.0
 40
1.0
 40
1.0
 40
1.0
 40
2.0
 40
2.0
 40
2.0
 40
3.0
 40
3.0
 40
3.0
 40
4.0
 40
4.0
 40
4.0
 40
5.0
 40
5.0
 40
5.0
 40
6.0
 40
6.0
 40
6.0
 40
7.0
 40
7.0
 40
7.0
 40
8.0
 40
8.0
 40
8.0
 40
8.0
 10
363.0108309368081
 20
994.2338003428044
 30
0.0
 10
363.0108309368081
 20
994.2338003428044
 30
0.0
 10
363.0108309368081
 20
1002.23374269649
 30
0.0
 10
363.0108309368081
 20
1002.23374269649
 30
0.0
 10
363.0108309368081
 20
1005.547407788978
 30
0.0
 10
365.6972302688188
 20
1008.233807120988
 30
0.0
 10
369.0108953613063
 20
1008.233807120988
 30
0.0
 10
369.0108953613063
 20
1008.233807120988
 30
0.0
 10
387.0110455711075
 20
1008.233807120988
 30
0.0
 10
387.0110455711075
 20
1008.233807120988
 30
0.0
 10
390.3246675999015
 20
1008.233807120988
 30
0.0
 10
393.0110669319122
 20
1005.547407788978
 30
0.0
 10
393.0110669319122
 20
1002.23374269649
 30
0.0
 10
393.0110669319122
 20
1002.23374269649
 30
0.0
 10
393.0110669319122
 20
994.2338003428044
 30
0.0
 10
393.0110669319122
 20
994.2338003428044
 30
0.0
 10
393.0110669319122
 20
990.920221377704
 30
0.0
 10
390.3246675999015
 20
988.2338220456933
 30
0.0
 10
387.0110455711075
 20
988.2338220456933
 30
0.0
 10
387.0110455711075
 20
988.2338220456933
 30
0.0
 10
369.0108953613063
 20
988.2338220456933
 30
0.0
 10
369.0108953613063
 20
988.2338220456933
 30
0.0
 10
365.6972302688188
 20
988.2338220456933
 30
0.0
 10
363.0108309368081
 20
990.920221377704
 30
0.0
 10
363.0108309368081
 20
994.2338003428044
 30
0.0
  0
SPLINE
  5
77
330
1F
100
AcDbEntity
  8
Holes
370
     0
100
AcDbSpline
210
0.0
220
0.0
230
1.0
 70
    11
 71
     3
 72
    17
 73
    13
 74
     0
 42
0.0000000001
 43
0.0000000001
 12
1.0
 22
0.0
 32
0.0
 13
1.0
 23
0.0
 33
0.0
 40
0.0
 40
0.0
 40
0.0
 40
0.0
 40
1.0
 40
1.0
 40
1.0
 40
2.0
 40
2.0
 40
2.0
 40
3.0
 40
3.0
 40
3.0
 40
4.0
 40
4.0
 40
4.0
 40
4.0
 10
430.8543642450425
 20
937.3675039703022
 30
0.0
 10
432.2351154518371
 20
937.3675039703022
 30
0.0
 10
433.3544700386883
 20
936.2481063197574
 30
0.0
 10
433.3544700386883
 20
934.8673120492693
 30
0.0
 10
433.3544700386883
 20
933.4869484157168
 30
0.0
 10
432.2351154518371
 20
932.367550765172
 30
0.0
 10
430.8543642450425
 20
932.367550765172
 30
0.0
 10
429.4735699745544
 20
932.367550765172
 30
0.0
 10
428.3545598972516
 20
933.4869484157168
 30
0.0
 10
428.3545598972516
 20
934.8673120492693
 30
0.0
 10
428.3545598972516
 20
936.2481063197574
 30
0.0
 10
429.4735699745544
 20
937.3675039703022
 30
0.0
 10
430.8543642450425
 20
937.3675039703022
 30
0.0
  0
SPLINE
  5
78
330
1F
100
AcDbEntity
  8
Holes
370
     0
100
AcDbSpline
210
0.0
220
0.0
230
1.0
 70
    11
 71
     3
 72
    17
 73
    13
 74
     0
 42
0.0000000001
 43
0.0000000001
 12
1.0
 22
0.0
 32
0.0
 13
1.0
 23
0.0
 33
0.0
 40
0.0
 40
0.0
 40
0.0
 40
0.0
 40
1.0
 40
1.0
 40
1.0
 40
2.0
 40
2.0
 40
2.0
 40
3.0
 40
3.0
 40
3.0
 40
4.0
 40
4.0
 40
4.0
 40
4.0
 10
428.9050861557946
 20
967.5225108800812
 30
0.0
 10
428.9050861557946
 20
969.1791711715507
 30
0.0
 10
430.2484580765742
 20
970.5225861560239
 30
0.0
 10
431.9051183680437
 20
970.5225861560239
 30
0.0
 10
433.5620801053682
 20
970.5225861560239
 30
0.0
 10
434.9051075165993
 20
969.1791711715507
 30
0.0
 10
434.9051075165993
 20
967.5225108800812
 30
0.0
 10
434.9051075165993
 20
965.8655060790632
 30
0.0
 10
433.5620801053682
 20
964.5225217315257
 30
0.0
 10
431.9051183680437
 20
964.5225217315257
 30
0.0
 10
430.2484580765742
 20
964.5225217315257
 30
0.0
 10
428.9050861557946
 20
965.8655060790632
 30
0.0
 10
428.9050861557946
 20
967.5225108800812
 30
0.0
  0
SPLINE
  5
79
330
1F
100
AcDbEntity
  8
Holes
370
     0
100
AcDbSpline
210
0.0
220
0.0
230
1.0
 70
    11
 71
     3
 72
    17
 73
    13
 74
     0
 42
0.0000000001
 43
0.0000000001
 12
1.0
 22
0.0
 32
0.0
 13
1.0
 23
0.0
 33
0.0
 40
0.0
 40
0.0
 40
0.0
 40
0.0
 40
1.0
 40
1.0
 40
1.0
 40
2.0
 40
2.0
 40
2.0
 40
3.0
 40
3.0
 40
3.0
 40
4.0
 40
4.0
 40
4.0
 40
4.0
 10
439.8742701808301
 20
994.1083127397542
 30
0.0
 10
439.8742701808301
 20
995.4891070102424
 30
0.0
 10
440.9936247676813
 20
996.6085046607872
 30
0.0
 10
442.3744190381694
 20
996.6085046607872
 30
0.0
 10
443.755170244964
 20
996.6085046607872
 30
0.0
 10
444.8745248318152
 20
995.4891070102424
 30
0.0
 10
444.8745248318152
 20
994.1083127397542
 30
0.0
 10
444.8745248318152
 20
992.7279491062018
 30
0.0
 10
443.755170244964
 20
991.6085514556569
 30
0.0
 10
442.3744190381694
 20
991.6085514556569
 30
0.0
 10
440.9936247676813
 20
991.6085514556569
 30
0.0
 10
439.8742701808301
 20
992.7279491062018
 30
0.0
 10
439.8742701808301
 20
994.1083127397542
 30
0.0
  0
SPLINE
  5
7A
330
1F
100
AcDbEntity
  8
Holes
370
     0
100
AcDbSpline
210
0.0
220
0.0
230
1.0
 70
    11
 71
     3
 72
    17
 73
    13
 74
     0
 42
0.0000000001
 43
0.0000000001
 12
1.0
 22
0.0
 32
0.0
 13
1.0
 23
0.0
 33
0.0
 40
0.0
 40
0.0
 40
0.0
 40
0.0
 40
1.0
 40
1.0
 40
1.0
 40
2.0
 40
2.0
 40
2.0
 40
3.0
 40
3.0
 40
3.0
 40
4.0
 40
4.0
 40
4.0
 40
4.0
 10
530.221899281507
 20
892.6753998961889
 30
0.0
 10
530.221899281507
 20
894.0558496571284
 30
0.0
 10
531.3409093588098
 20
895.1752473076732
 30
0.0
 10
532.7217036292978
 20
895.1752473076732
 30
0.0
 10
534.1024548360924
 20
895.1752473076732
 30
0.0
 10
535.2218094229437
 20
894.0558496571284
 30
0.0
 10
535.2218094229437
 20
892.6753998961889
 30
0.0
 10
535.2218094229437
 20
891.2946917530878
 30
0.0
 10
534.1024548360924
 20
890.175294102543
 30
0.0
 10
532.7217036292978
 20
890.175294102543
 30
0.0
 10
531.3409093588098
 20
890.175294102543
 30
0.0
 10
530.221899281507
 20
891.2946917530878
 30
0.0
 10
530.221899281507
 20
892.6753998961889
 30
0.0
  0
SPLINE
  5
7B
330
1F
100
AcDbEntity
  8
Holes
370
     0
100
AcDbSpline
210
0.0
220
0.0
230
1.0
 70
    11
 71
     3
 72
    17
 73
    13
 74
     0
 42
0.0000000001
 43
0.0000000001
 12
1.0
 22
0.0
 32
0.0
 13
1.0
 23
0.0
 33
0.0
 40
0.0
 40
0.0
 40
0.0
 40
0.0
 40
1.0
 40
1.0
 40
1.0
 40
2.0
 40
2.0
 40
2.0
 40
3.0
 40
3.0
 40
3.0
 40
4.0
 40
4.0
 40
4.0
 40
4.0
 10
551.987668047767
 20
916.3593978286359
 30
0.0
 10
551.987668047767
 20
918.0160581201054
 30
0.0
 10
553.3310399685466
 20
919.3594731045786
 30
0.0
 10
554.9877002600161
 20
919.3594731045786
 30
0.0
 10
556.6446619973406
 20
919.3594731045786
 30
0.0
 10
557.9876894085717
 20
918.0160581201054
 30
0.0
 10
557.9876894085717
 20
916.3593978286359
 30
0.0
 10
557.9876894085717
 20
914.7023930276179
 30
0.0
 10
556.6446619973406
 20
913.3594086800804
 30
0.0
 10
554.9877002600161
 20
913.3594086800804
 30
0.0
 10
553.3310399685466
 20
913.3594086800804
 30
0.0
 10
551.987668047767
 20
914.7023930276179
 30
0.0
 10
551.987668047767
 20
916.3593978286359
 30
0.0
  0
SPLINE
  5
7C
330
1F
100
AcDbEntity
  8
Holes
370
     0
100
AcDbSpline
210
0.0
220
0.0
230
1.0
 70
    11
 71
     3
 72
    17
 73
    13
 74
     0
 42
0.0000000001
 43
0.0000000001
 12
1.0
 22
0.0
 32
0.0
 13
1.0
 23
0.0
 33
0.0
 40
0.0
 40
0.0
 40
0.0
 40
0.0
 40
1.0
 40
1.0
 40
1.0
 40
2.0
 40
2.0
 40
2.0
 40
3.0
 40
3.0
 40
3.0
 40
4.0
 40
4.0
 40
4.0
 40
4.0
 10
563.9648870117866
 20
942.7067990807296
 30
0.0
 10
563.9648870117866
 20
944.0875933512177
 30
0.0
 10
565.0842415986378
 20
945.2069910017625
 30
0.0
 10
566.4650358691259
 20
945.2069910017625
 30
0.0
 10
567.845442566372
 20
945.2069910017625
 30
0.0
 10
568.9647971532232
 20
944.0875933512177
 30
0.0
 10
568.9647971532232
 20
942.7067990807296
 30
0.0
 10
568.9647971532232
 20
941.3264354471771
 30
0.0
 10
567.845442566372
 20
940.2070377966323
 30
0.0
 10
566.4650358691259
 20
940.2070377966323
 30
0.0
 10
565.0842415986378
 20
940.2070377966323
 30
0.0
 10
563.9648870117866
 20
941.3264354471771
 30
0.0
 10
563.9648870117866
 20
942.7067990807296
 30
0.0
  0
SPLINE
  5
7D
330
1F
100
AcDbEntity
  8
Holes
370
     0
100
AcDbSpline
210
0.0
220
0.0
230
1.0
 70
    11
 71
     3
 72
    17
 73
    13
 74
     0
 42
0.0000000001
 43
0.0000000001
 12
1.0
 22
0.0
 32
0.0
 13
1.0
 23
0.0
 33
0.0
 40
0.0
 40
0.0
 40
0.0
 40
0.0
 40
1.0
 40
1.0
 40
1.0
 40
2.0
 40
2.0
 40
2.0
 40
3.0
 40
3.0
 40
3.0
 40
4.0
 40
4.0
 40
4.0
 40
4.0
 10
581.2072884696071
 20
914.5799198831172
 30
0.0
 10
582.5743023581542
 20
915.9469337716644
 30
0.0
 10
584.7904461564283
 20
915.9469337716644
 30
0.0
 10
586.1570724717333
 20
914.5799198831172
 30
0.0
 10
587.523741850732
 20
913.2129059945701
 30
0.0
 10
587.523741850732
 20
910.9971067058445
 30
0.0
 10
586.1570724717333
 20
909.6300928172974
 30
0.0
 10
584.7904461564283
 20
908.2634234382988
 30
0.0
 10
582.5743023581542
 20
908.2634234382988
 30
0.0
 10
581.2072884696071
 20
909.6300928172974
 30
0.0
 10
579.8406190906085
 20
910.9971067058445
 30
0.0
 10
579.8406190906085
 20
913.2129059945701
 30
0.0
 10
581.2072884696071
 20
914.5799198831172
 30
0.0
  0
SPLINE
  5
7E
330
1F
100
AcDbEntity
  8
Holes
370
     0
100
AcDbSpline
210
0.0
220
0.0
230
1.0
 70
    11
 71
     3
 72
    17
 73
    13
 74
     0
 42
0.0000000001
 43
0.0000000001
 12
1.0
 22
0.0
 32
0.0
 13
1.0
 23
0.0
 33
0.0
 40
0.0
 40
0.0
 40
0.0
 40
0.0
 40
1.0
 40
1.0
 40
1.0
 40
2.0
 40
2.0
 40
2.0
 40
3.0
 40
3.0
 40
3.0
 40
4.0
 40
4.0
 40
4.0
 40
4.0
 10
631.2665929275784
 20
843.3079567390429
 30
0.0
 10
632.9232101553542
 20
843.3079567390429
 30
0.0
 10
634.2665820761339
 20
841.9648862641181
 30
0.0
 10
634.2665820761339
 20
840.3078814631001
 30
0.0
 10
634.2665820761339
 20
838.6512211716306
 30
0.0
 10
632.9232101553542
 20
837.3078923145446
 30
0.0
 10
631.2665929275784
 20
837.3078923145446
 30
0.0
 10
629.6099326361089
 20
837.3078923145446
 30
0.0
 10
628.2665607153292
 20
838.6512211716306
 30
0.0
 10
628.2665607153292
 20
840.3078814631001
 30
0.0
 10
628.2665607153292
 20
841.9648862641181
 30
0.0
 10
629.6099326361089
 20
843.3079567390429
 30
0.0
 10
631.2665929275784
 20
843.3079567390429
 30
0.0
  0
SPLINE
  5
7F
330
1F
100
AcDbEntity
  8
Holes
370
     0
100
AcDbSpline
210
0.0
220
0.0
230
1.0
 70
    11
 71
     3
 72
    17
 73
    13
 74
     0
 42
0.0000000001
 43
0.0000000001
 12
1.0
 22
0.0
 32
0.0
 13
1.0
 23
0.0
 33
0.0
 40
0.0
 40
0.0
 40
0.0
 40
0.0
 40
1.0
 40
1.0
 40
1.0
 40
2.0
 40
2.0
 40
2.0
 40
3.0
 40
3.0
 40
3.0
 40
4.0
 40
4.0
 40
4.0
 40
4.0
 10
623.6556879815644
 20
867.18169330534
 30
0.0
 10
622.2890186025658
 20
868.5487071938871
 30
0.0
 10
622.2890186025658
 20
870.7645064826128
 30
0.0
 10
623.6556879815644
 20
872.1315203711599
 30
0.0
 10
625.0227018701115
 20
873.498534259707
 30
0.0
 10
627.2384580951435
 20
873.498534259707
 30
0.0
 10
628.6054719836907
 20
872.1315203711599
 30
0.0
 10
629.9721413626893
 20
870.7645064826128
 30
0.0
 10
629.9721413626893
 20
868.5487071938871
 30
0.0
 10
628.6054719836907
 20
867.18169330534
 30
0.0
 10
627.2384580951435
 20
865.8150239263414
 30
0.0
 10
625.0227018701115
 20
865.8150239263414
 30
0.0
 10
623.6556879815644
 20
867.18169330534
 30
0.0
  0
SPLINE
  5
80
330
1F
100
AcDbEntity
  8
Holes
370
     0
100
AcDbSpline
210
0.0
220
0.0
230
1.0
 70
    11
 71
     3
 72
    29
 73
    25
 74
     0
 42
0.0000000001
 43
0.0000000001
 12
1.0
 22
0.0
 32
0.0
 13
1.0
 23
0.0
 33
0.0
 40
0.0
 40
0.0
 40
0.0
 40
0.0
 40
1.0
 40
1.0
 40
1.0
 40
2.0
 40
2.0
 40
2.0
 40
3.0
 40
3.0
 40
3.0
 40
4.0
 40
4.0
 40
4.0
 40
5.0
 40
5.0
 40
5.0
 40
6.0
 40
6.0
 40
6.0
 40
7.0
 40
7.0
 40
7.0
 40
8.0
 40
8.0
 40
8.0
 40
8.0
 10
631.4739876757903
 20
895.5477482570159
 30
0.0
 10
631.4739876757903
 20
895.5477482570159
 30
0.0
 10
625.8172270163973
 20
889.8909875976228
 30
0.0
 10
625.8172270163973
 20
889.8909875976228
 30
0.0
 10
623.4737008125561
 20
887.5478059033301
 30
0.0
 10
619.6750093394389
 20
887.5478059033301
 30
0.0
 10
617.3318707088398
 20
889.8909875976228
 30
0.0
 10
617.3318707088398
 20
889.8909875976228
 30
0.0
 10
604.6039654385843
 20
902.6188067404912
 30
0.0
 10
604.6039654385843
 20
902.6188067404912
 30
0.0
 10
602.2604822984366
 20
904.9619884347838
 30
0.0
 10
602.2604822984366
 20
908.7610674811431
 30
0.0
 10
604.6039654385843
 20
911.1041630480487
 30
0.0
 10
604.6039654385843
 20
911.1041630480487
 30
0.0
 10
610.260769161671
 20
916.7610098348289
 30
0.0
 10
610.260769161671
 20
916.7610098348289
 30
0.0
 10
612.6039077922701
 20
919.1041054017344
 30
0.0
 10
616.4026423290808
 20
919.1041054017344
 30
0.0
 10
618.7461254692284
 20
916.7610098348289
 30
0.0
 10
618.7461254692284
 20
916.7610098348289
 30
0.0
 10
631.4739876757903
 20
904.0331045645734
 30
0.0
 10
631.4739876757903
 20
904.0331045645734
 30
0.0
 10
633.8167817968409
 20
901.6899228702807
 30
0.0
 10
633.8167817968409
 20
897.8908438239214
 30
0.0
 10
631.4739876757903
 20
895.5477482570159
 30
0.0
  0
SPLINE
  5
81
330
1F
100
AcDbEntity
  8
Holes
370
     0
100
AcDbSpline
210
0.0
220
0.0
230
1.0
 70
    11
 71
     3
 72
    17
 73
    13
 74
     0
 42
0.0000000001
 43
0.0000000001
 12
1.0
 22
0.0
 32
0.0
 13
1.0
 23
0.0
 33
0.0
 40
0.0
 40
0.0
 40
0.0
 40
0.0
 40
1.0
 40
1.0
 40
1.0
 40
2.0
 40
2.0
 40
2.0
 40
3.0
 40
3.0
 40
3.0
 40
4.0
 40
4.0
 40
4.0
 40
4.0
 10
609.9066564094808
 20
817.9583412668646
 30
0.0
 10
609.9066564094808
 20
816.5776331237636
 30
0.0
 10
608.7873018226296
 20
815.4582354732188
 30
0.0
 10
607.406550615835
 20
815.4582354732188
 30
0.0
 10
606.0257563453468
 20
815.4582354732188
 30
0.0
 10
604.9064017584957
 20
816.5776331237636
 30
0.0
 10
604.9064017584957
 20
817.9583412668646
 30
0.0
 10
604.9064017584957
 20
819.3387910278042
 30
0.0
 10
606.0257563453468
 20
820.4581886783491
 30
0.0
 10
607.406550615835
 20
820.4581886783491
 30
0.0
 10
608.7873018226296
 20
820.4581886783491
 30
0.0
 10
609.9066564094808
 20
819.3387910278042
 30
0.0
 10
609.9066564094808
 20
817.9583412668646
 30
0.0
  0
SPLINE
  5
82
330
1F
100
AcDbEntity
  8
Holes
370
     0
100
AcDbSpline
210
0.0
220
0.0
230
1.0
 70
    11
 71
     3
 72
    29
 73
    25
 74
     0
 42
0.0000000001
 43
0.0000000001
 12
1.0
 22
0.0
 32
0.0
 13
1.0
 23
0.0
 33
0.0
 40
0.0
 40
0.0
 40
0.0
 40
0.0
 40
1.0
 40
1.0
 40
1.0
 40
2.0
 40
2.0
 40
2.0
 40
3.0
 40
3.0
 40
3.0
 40
4.0
 40
4.0
 40
4.0
 40
5.0
 40
5.0
 40
5.0
 40
6.0
 40
6.0
 40
6.0
 40
7.0
 40
7.0
 40
7.0
 40
8.0
 40
8.0
 40
8.0
 40
8.0
 10
642.7274351420525
 20
1125.886746273433
 30
0.0
 10
642.7274351420525
 20
1122.573167308332
 30
0.0
 10
640.0410358100419
 20
1119.886767976322
 30
0.0
 10
636.7274137812478
 20
1119.886767976322
 30
0.0
 10
636.7274137812478
 20
1119.886767976322
 30
0.0
 10
119.3255330105332
 20
1119.886767976322
 30
0.0
 10
119.3255330105332
 20
1119.886767976322
 30
0.0
 10
116.0119109817392
 20
1119.886767976322
 30
0.0
 10
113.325468586035
 20
1122.573167308332
 30
0.0
 10
113.325468586035
 20
1125.886746273433
 30
0.0
 10
113.325468586035
 20
1125.886746273433
 30
0.0
 10
113.325468586035
 20
1333.957938984002
 30
0.0
 10
113.325468586035
 20
1333.957938984002
 30
0.0
 10
113.325468586035
 20
1337.271604076489
 30
0.0
 10
116.0119109817392
 20
1339.9580034085
 30
0.0
 10
119.3255330105332
 20
1339.9580034085
 30
0.0
 10
119.3255330105332
 20
1339.9580034085
 30
0.0
 10
636.7274137812478
 20
1339.9580034085
 30
0.0
 10
636.7274137812478
 20
1339.9580034085
 30
0.0
 10
640.0410358100419
 20
1339.9580034085
 30
0.0
 10
642.7274351420525
 20
1337.271604076489
 30
0.0
 10
642.7274351420525
 20
1333.957938984002
 30
0.0
 10
642.7274351420525
 20
1333.957938984002
 30
0.0
 10
642.7274351420525
 20
1125.886746273433
 30
0.0
 10
642.7274351420525
 20
1125.886746273433
 30
0.0
  0
SPLINE
  5
83
330
1F
100
AcDbEntity
  8
Holes
370
     0
100
AcDbSpline
210
0.0
220
0.0
230
1.0
 70
    11
 71
     3
 72
    17
 73
    13
 74
     0
 42
0.0000000001
 43
0.0000000001
 12
1.0
 22
0.0
 32
0.0
 13
1.0
 23
0.0
 33
0.0
 40
0.0
 40
0.0
 40
0.0
 40
0.0
 40
1.0
 40
1.0
 40
1.0
 40
2.0
 40
2.0
 40
2.0
 40
3.0
 40
3.0
 40
3.0
 40
4.0
 40
4.0
 40
4.0
 40
4.0
 10
649.6213295901989
 20
608.6672402449686
 30
0.0
 10
648.2405353197107
 20
608.6672402449686
 30
0.0
 10
647.1211807328594
 20
609.7865948318199
 30
0.0
 10
647.1211807328594
 20
611.167389102308
 30
0.0
 10
647.1211807328594
 20
612.5481403091026
 30
0.0
 10
648.2405353197107
 20
613.6674948959538
 30
0.0
 10
649.6213295901989
 20
613.6674948959538
 30
0.0
 10
651.0020807969935
 20
613.6674948959538
 30
0.0
 10
652.1214784475383
 20
612.5481403091026
 30
0.0
 10
652.1214784475383
 20
611.167389102308
 30
0.0
 10
652.1214784475383
 20
609.7865948318199
 30
0.0
 10
651.0020807969935
 20
608.6672402449686
 30
0.0
 10
649.6213295901989
 20
608.6672402449686
 30
0.0
  0
SPLINE
  5
84
330
1F
100
AcDbEntity
  8
Holes
370
     0
100
AcDbSpline
210
0.0
220
0.0
230
1.0
 70
    11
 71
     3
 72
    17
 73
    13
 74
     0
 42
0.0000000001
 43
0.0000000001
 12
1.0
 22
0.0
 32
0.0
 13
1.0
 23
0.0
 33
0.0
 40
0.0
 40
0.0
 40
0.0
 40
0.0
 40
1.0
 40
1.0
 40
1.0
 40
2.0
 40
2.0
 40
2.0
 40
3.0
 40
3.0
 40
3.0
 40
4.0
 40
4.0
 40
4.0
 40
4.0
 10
649.6303299021541
 20
713.581034503137
 30
0.0
 10
648.2495356316659
 20
713.581034503137
 30
0.0
 10
647.1301810448147
 20
714.7004321536817
 30
0.0
 10
647.1301810448147
 20
716.0811833604763
 30
0.0
 10
647.1301810448147
 20
717.4619345672709
 30
0.0
 10
648.2495356316659
 20
718.5809877082671
 30
0.0
 10
649.6303299021541
 20
718.5809877082671
 30
0.0
 10
651.0107365994002
 20
718.5809877082671
 30
0.0
 10
652.1300911862513
 20
717.4619345672709
 30
0.0
 10
652.1300911862513
 20
716.0811833604763
 30
0.0
 10
652.1300911862513
 20
714.7004321536817
 30
0.0
 10
651.0107365994002
 20
713.581034503137
 30
0.0
 10
649.6303299021541
 20
713.581034503137
 30
0.0
  0
SPLINE
  5
85
330
1F
100
AcDbEntity
  8
Holes
370
     0
100
AcDbSpline
210
0.0
220
0.0
230
1.0
 70
    11
 71
     3
 72
    17
 73
    13
 74
     0
 42
0.0000000001
 43
0.0000000001
 12
1.0
 22
0.0
 32
0.0
 13
1.0
 23
0.0
 33
0.0
 40
0.0
 40
0.0
 40
0.0
 40
0.0
 40
1.0
 40
1.0
 40
1.0
 40
2.0
 40
2.0
 40
2.0
 40
3.0
 40
3.0
 40
3.0
 40
4.0
 40
4.0
 40
4.0
 40
4.0
 10
657.4399737939734
 20
473.033486481134
 30
0.0
 10
656.0591795234852
 20
473.033486481134
 30
0.0
 10
654.939824936634
 20
474.1528410679853
 30
0.0
 10
654.939824936634
 20
475.5336353384734
 30
0.0
 10
654.939824936634
 20
476.9140420357194
 30
0.0
 10
656.0591795234852
 20
478.0333966225706
 30
0.0
 10
657.4399737939734
 20
478.0333966225706
 30
0.0
 10
658.820725000768
 20
478.0333966225706
 30
0.0
 10
659.9401226513128
 20
476.9140420357194
 30
0.0
 10
659.9401226513128
 20
475.5336353384734
 30
0.0
 10
659.9401226513128
 20
474.1528410679853
 30
0.0
 10
658.820725000768
 20
473.033486481134
 30
0.0
 10
657.4399737939734
 20
473.033486481134
 30
0.0
  0
SPLINE
  5
86
330
1F
100
AcDbEntity
  8
Holes
370
     0
100
AcDbSpline
210
0.0
220
0.0
230
1.0
 70
    11
 71
     3
 72
    17
 73
    13
 74
     0
 42
0.0000000001
 43
0.0000000001
 12
1.0
 22
0.0
 32
0.0
 13
1.0
 23
0.0
 33
0.0
 40
0.0
 40
0.0
 40
0.0
 40
0.0
 40
1.0
 40
1.0
 40
1.0
 40
2.0
 40
2.0
 40
2.0
 40
3.0
 40
3.0
 40
3.0
 40
4.0
 40
4.0
 40
4.0
 40
4.0
 10
657.4627544878696
 20
849.2129365281482
 30
0.0
 10
656.0819602173815
 20
849.2129365281482
 30
0.0
 10
654.9626056305302
 20
850.332334178693
 30
0.0
 10
654.9626056305302
 20
851.7126978122454
 30
0.0
 10
654.9626056305302
 20
853.0934920827336
 30
0.0
 10
656.0819602173815
 20
854.2128897332784
 30
0.0
 10
657.4627544878696
 20
854.2128897332784
 30
0.0
 10
658.8431611851156
 20
854.2128897332784
 30
0.0
 10
659.9625157719669
 20
853.0934920827336
 30
0.0
 10
659.9625157719669
 20
851.7126978122454
 30
0.0
 10
659.9625157719669
 20
850.332334178693
 30
0.0
 10
658.8431611851156
 20
849.2129365281482
 30
0.0
 10
657.4627544878696
 20
849.2129365281482
 30
0.0
  0
SPLINE
  5
87
330
1F
100
AcDbEntity
  8
Holes
370
     0
100
AcDbSpline
210
0.0
220
0.0
230
1.0
 70
    11
 71
     3
 72
    17
 73
    13
 74
     0
 42
0.0000000001
 43
0.0000000001
 12
1.0
 22
0.0
 32
0.0
 13
1.0
 23
0.0
 33
0.0
 40
0.0
 40
0.0
 40
0.0
 40
0.0
 40
1.0
 40
1.0
 40
1.0
 40
2.0
 40
2.0
 40
2.0
 40
3.0
 40
3.0
 40
3.0
 40
4.0
 40
4.0
 40
4.0
 40
4.0
 10
682.2763561662365
 20
607.1166027670577
 30
0.0
 10
680.619695874767
 20
607.1166027670577
 30
0.0
 10
679.2763239539873
 20
608.4599746878373
 30
0.0
 10
679.2763239539873
 20
610.1166349793068
 30
0.0
 10
679.2763239539873
 20
611.7732522070828
 30
0.0
 10
680.619695874767
 20
613.1166241278623
 30
0.0
 10
682.2763561662365
 20
613.1166241278623
 30
0.0
 10
683.9329733940125
 20
613.1166241278623
 30
0.0
 10
685.2763883784856
 20
611.7732522070828
 30
0.0
 10
685.2763883784856
 20
610.1166349793068
 30
0.0
 10
685.2763883784856
 20
608.4599746878373
 30
0.0
 10
683.9329733940125
 20
607.1166027670577
 30
0.0
 10
682.2763561662365
 20
607.1166027670577
 30
0.0
  0
SPLINE
  5
88
330
1F
100
AcDbEntity
  8
Holes
370
     0
100
AcDbSpline
210
0.0
220
0.0
230
1.0
 70
    11
 71
     3
 72
    17
 73
    13
 74
     0
 42
0.0000000001
 43
0.0000000001
 12
1.0
 22
0.0
 32
0.0
 13
1.0
 23
0.0
 33
0.0
 40
0.0
 40
0.0
 40
0.0
 40
0.0
 40
1.0
 40
1.0
 40
1.0
 40
2.0
 40
2.0
 40
2.0
 40
3.0
 40
3.0
 40
3.0
 40
4.0
 40
4.0
 40
4.0
 40
4.0
 10
684.4065017684601
 20
715.008725135918
 30
0.0
 10
683.2349109213137
 20
713.8367897792232
 30
0.0
 10
681.3355436529083
 20
713.8367897792232
 30
0.0
 10
680.1639958694556
 20
715.008725135918
 30
0.0
 10
678.9920605127606
 20
716.1799284098222
 30
0.0
 10
678.9920605127606
 20
718.0796401877761
 30
0.0
 10
680.1639958694556
 20
719.2512310349225
 30
0.0
 10
681.3355436529083
 20
720.4227788183753
 30
0.0
 10
683.2349109213137
 20
720.4227788183753
 30
0.0
 10
684.4065017684601
 20
719.2512310349225
 30
0.0
 10
685.5780495519128
 20
718.0796401877761
 30
0.0
 10
685.5780495519128
 20
716.1799284098222
 30
0.0
 10
684.4065017684601
 20
715.008725135918
 30
0.0
  0
SPLINE
  5
89
330
1F
100
AcDbEntity
  8
Holes
370
     0
100
AcDbSpline
210
0.0
220
0.0
230
1.0
 70
    11
 71
     3
 72
    17
 73
    13
 74
     0
 42
0.0000000001
 43
0.0000000001
 12
1.0
 22
0.0
 32
0.0
 13
1.0
 23
0.0
 33
0.0
 40
0.0
 40
0.0
 40
0.0
 40
0.0
 40
1.0
 40
1.0
 40
1.0
 40
2.0
 40
2.0
 40
2.0
 40
3.0
 40
3.0
 40
3.0
 40
4.0
 40
4.0
 40
4.0
 40
4.0
 10
708.8621580259095
 20
597.1475299613902
 30
0.0
 10
707.4813637554214
 20
597.1475299613902
 30
0.0
 10
706.3623536781187
 20
598.2668845482415
 30
0.0
 10
706.3623536781187
 20
599.647334309181
 30
0.0
 10
706.3623536781187
 20
601.0280855159756
 30
0.0
 10
707.4813637554214
 20
602.1474401028269
 30
0.0
 10
708.8621580259095
 20
602.1474401028269
 30
0.0
 10
710.242909232704
 20
602.1474401028269
 30
0.0
 10
711.3623068832488
 20
601.0280855159756
 30
0.0
 10
711.3623068832488
 20
599.647334309181
 30
0.0
 10
711.3623068832488
 20
598.2668845482415
 30
0.0
 10
710.242909232704
 20
597.1475299613902
 30
0.0
 10
708.8621580259095
 20
597.1475299613902
 30
0.0
  0
SPLINE
  5
8A
330
1F
100
AcDbEntity
  8
Holes
370
     0
100
AcDbSpline
210
0.0
220
0.0
230
1.0
 70
    11
 71
     3
 72
    29
 73
    25
 74
     0
 42
0.0000000001
 43
0.0000000001
 12
1.0
 22
0.0
 32
0.0
 13
1.0
 23
0.0
 33
0.0
 40
0.0
 40
0.0
 40
0.0
 40
0.0
 40
1.0
 40
1.0
 40
1.0
 40
2.0
 40
2.0
 40
2.0
 40
3.0
 40
3.0
 40
3.0
 40
4.0
 40
4.0
 40
4.0
 40
5.0
 40
5.0
 40
5.0
 40
6.0
 40
6.0
 40
6.0
 40
7.0
 40
7.0
 40
7.0
 40
8.0
 40
8.0
 40
8.0
 40
8.0
 10
722.8346901675986
 20
654.9993389611417
 30
0.0
 10
722.8346901675986
 20
651.6853293591056
 30
0.0
 10
720.1482477718944
 20
648.9992745366434
 30
0.0
 10
716.8346257431004
 20
648.9992745366434
 30
0.0
 10
716.8346257431004
 20
648.9992745366434
 30
0.0
 10
708.8346833894146
 20
648.9992745366434
 30
0.0
 10
708.8346833894146
 20
648.9992745366434
 30
0.0
 10
705.5206737873785
 20
648.9992745366434
 30
0.0
 10
702.83466202861
 20
651.6853293591056
 30
0.0
 10
702.83466202861
 20
654.9993389611417
 30
0.0
 10
702.83466202861
 20
654.9993389611417
 30
0.0
 10
702.83466202861
 20
672.9991015977008
 30
0.0
 10
702.83466202861
 20
672.9991015977008
 30
0.0
 10
702.83466202861
 20
676.3131111997369
 30
0.0
 10
705.5206737873785
 20
678.9991229585055
 30
0.0
 10
708.8346833894146
 20
678.9991229585055
 30
0.0
 10
708.8346833894146
 20
678.9991229585055
 30
0.0
 10
716.8346257431004
 20
678.9991229585055
 30
0.0
 10
716.8346257431004
 20
678.9991229585055
 30
0.0
 10
720.1482477718944
 20
678.9991229585055
 30
0.0
 10
722.8346901675986
 20
676.3131111997369
 30
0.0
 10
722.8346901675986
 20
672.9991015977008
 30
0.0
 10
722.8346901675986
 20
672.9991015977008
 30
0.0
 10
722.8346901675986
 20
654.9993389611417
 30
0.0
 10
722.8346901675986
 20
654.9993389611417
 30
0.0
  0
SPLINE
  5
8B
330
1F
100
AcDbEntity
  8
Holes
370
     0
100
AcDbSpline
210
0.0
220
0.0
230
1.0
 70
    11
 71
     3
 72
    17
 73
    13
 74
     0
 42
0.0000000001
 43
0.0000000001
 12
1.0
 22
0.0
 32
0.0
 13
1.0
 23
0.0
 33
0.0
 40
0.0
 40
0.0
 40
0.0
 40
0.0
 40
1.0
 40
1.0
 40
1.0
 40
2.0
 40
2.0
 40
2.0
 40
3.0
 40
3.0
 40
3.0
 40
4.0
 40
4.0
 40
4.0
 40
4.0
 10
775.9954418361662
 20
287.2786964546018
 30
0.0
 10
774.3392983090193
 20
287.2786964546018
 30
0.0
 10
772.9968307258047
 20
288.6212286333568
 30
0.0
 10
772.9968307258047
 20
290.2773075649632
 30
0.0
 10
772.9968307258047
 20
291.9334080284164
 30
0.0
 10
774.3392983090193
 20
293.2759186753247
 30
0.0
 10
775.9954418361662
 20
293.2759186753247
 30
0.0
 10
777.6514992359257
 20
293.2759186753247
 30
0.0
 10
778.9940529465275
 20
291.9334080284164
 30
0.0
 10
778.9940529465275
 20
290.2773075649632
 30
0.0
 10
778.9940529465275
 20
288.6212286333568
 30
0.0
 10
777.6514992359257
 20
287.2786964546018
 30
0.0
 10
775.9954418361662
 20
287.2786964546018
 30
0.0
  0
SPLINE
  5
8C
330
1F
100
AcDbEntity
  8
Holes
370
     0
100
AcDbSpline
210
0.0
220
0.0
230
1.0
 70
    11
 71
     3
 72
    17
 73
    13
 74
     0
 42
0.0000000001
 43
0.0000000001
 12
1.0
 22
0.0
 32
0.0
 13
1.0
 23
0.0
 33
0.0
 40
0.0
 40
0.0
 40
0.0
 40
0.0
 40
1.0
 40
1.0
 40
1.0
 40
2.0
 40
2.0
 40
2.0
 40
3.0
 40
3.0
 40
3.0
 40
4.0
 40
4.0
 40
4.0
 40
4.0
 10
775.9954418361662
 20
584.052980404117
 30
0.0
 10
774.3392983090193
 20
584.052980404117
 30
0.0
 10
772.9968307258047
 20
585.3955341147189
 30
0.0
 10
772.9968307258047
 20
587.0515915144784
 30
0.0
 10
772.9968307258047
 20
588.7077350416251
 30
0.0
 10
774.3392983090193
 20
590.0502026248399
 30
0.0
 10
775.9954418361662
 20
590.0502026248399
 30
0.0
 10
777.6514992359257
 20
590.0502026248399
 30
0.0
 10
778.9940529465275
 20
588.7077350416251
 30
0.0
 10
778.9940529465275
 20
587.0515915144784
 30
0.0
 10
778.9940529465275
 20
585.3955341147189
 30
0.0
 10
777.6514992359257
 20
584.052980404117
 30
0.0
 10
775.9954418361662
 20
584.052980404117
 30
0.0
  0
SPLINE
  5
8D
330
1F
100
AcDbEntity
  8
Holes
370
     0
100
AcDbSpline
210
0.0
220
0.0
230
1.0
 70
    11
 71
     3
 72
    17
 73
    13
 74
     0
 42
0.0000000001
 43
0.0000000001
 12
1.0
 22
0.0
 32
0.0
 13
1.0
 23
0.0
 33
0.0
 40
0.0
 40
0.0
 40
0.0
 40
0.0
 40
1.0
 40
1.0
 40
1.0
 40
2.0
 40
2.0
 40
2.0
 40
3.0
 40
3.0
 40
3.0
 40
4.0
 40
4.0
 40
4.0
 40
4.0
 10
775.9954418361662
 20
880.7097220020448
 30
0.0
 10
774.3392983090193
 20
880.7097220020448
 30
0.0
 10
772.9968307258047
 20
882.0522757126467
 30
0.0
 10
772.9968307258047
 20
883.7083331124063
 30
0.0
 10
772.9968307258047
 20
885.3643905121659
 30
0.0
 10
774.3392983090193
 20
886.7069442227678
 30
0.0
 10
775.9954418361662
 20
886.7069442227678
 30
0.0
 10
777.6514992359257
 20
886.7069442227678
 30
0.0
 10
778.9940529465275
 20
885.3643905121659
 30
0.0
 10
778.9940529465275
 20
883.7083331124063
 30
0.0
 10
778.9940529465275
 20
882.0522757126467
 30
0.0
 10
777.6514992359257
 20
880.7097220020448
 30
0.0
 10
775.9954418361662
 20
880.7097220020448
 30
0.0
  0
SPLINE
  5
8E
330
1F
100
AcDbEntity
  8
Holes
370
     0
100
AcDbSpline
210
0.0
220
0.0
230
1.0
 70
    11
 71
     3
 72
    17
 73
    13
 74
     0
 42
0.0000000001
 43
0.0000000001
 12
1.0
 22
0.0
 32
0.0
 13
1.0
 23
0.0
 33
0.0
 40
0.0
 40
0.0
 40
0.0
 40
0.0
 40
1.0
 40
1.0
 40
1.0
 40
2.0
 40
2.0
 40
2.0
 40
3.0
 40
3.0
 40
3.0
 40
4.0
 40
4.0
 40
4.0
 40
4.0
 10
775.9954418361662
 20
1177.366463599973
 30
0.0
 10
774.3392983090193
 20
1177.366463599973
 30
0.0
 10
772.9968307258047
 20
1178.708931183187
 30
0.0
 10
772.9968307258047
 20
1180.365074710334
 30
0.0
 10
772.9968307258047
 20
1182.021132110094
 30
0.0
 10
774.3392983090193
 20
1183.363685820696
 30
0.0
 10
775.9954418361662
 20
1183.363685820696
 30
0.0
 10
777.6514992359257
 20
1183.363685820696
 30
0.0
 10
778.9940529465275
 20
1182.021132110094
 30
0.0
 10
778.9940529465275
 20
1180.365074710334
 30
0.0
 10
778.9940529465275
 20
1178.708931183187
 30
0.0
 10
777.6514992359257
 20
1177.366463599973
 30
0.0
 10
775.9954418361662
 20
1177.366463599973
 30
0.0
  0
SPLINE
  5
8F
330
1F
100
AcDbEntity
  8
Holes
370
     0
100
AcDbSpline
210
0.0
220
0.0
230
1.0
 70
    11
 71
     3
 72
    17
 73
    13
 74
     0
 42
0.0000000001
 43
0.0000000001
 12
1.0
 22
0.0
 32
0.0
 13
1.0
 23
0.0
 33
0.0
 40
0.0
 40
0.0
 40
0.0
 40
0.0
 40
1.0
 40
1.0
 40
1.0
 40
2.0
 40
2.0
 40
2.0
 40
3.0
 40
3.0
 40
3.0
 40
4.0
 40
4.0
 40
4.0
 40
4.0
 10
775.9954418361662
 20
1347.464091324375
 30
0.0
 10
774.3392983090193
 20
1347.464091324375
 30
0.0
 10
772.9968307258047
 20
1348.806645034977
 30
0.0
 10
772.9968307258047
 20
1350.462702434737
 30
0.0
 10
772.9968307258047
 20
1352.118845961884
 30
0.0
 10
774.3392983090193
 20
1353.461313545098
 30
0.0
 10
775.9954418361662
 20
1353.461313545098
 30
0.0
 10
777.6514992359257
 20
1353.461313545098
 30
0.0
 10
778.9940529465275
 20
1352.118845961884
 30
0.0
 10
778.9940529465275
 20
1350.462702434737
 30
0.0
 10
778.9940529465275
 20
1348.806645034977
 30
0.0
 10
777.6514992359257
 20
1347.464091324375
 30
0.0
 10
775.9954418361662
 20
1347.464091324375
 30
0.0
  0
HATCH
  5
90
330
1F
100
AcDbEntity
  8
Holes
 62
   250
100
AcDbHatch
 10
0.0
 20
0.0
 30
0.0
210
0.0
220
0.0
230
1.0
  2
SOLID
 70
     1
 71
     0
 91
       79
 92
        1
 93
        1
 72
     4
 94
        3
 73
     0
 74
     1
 95
       53
 96
       49
 40
0.0
 40
0.0
 40
0.0
 40
0.0
 40
1.0
 40
1.0
 40
1.0
 40
2.0
 40
2.0
 40
2.0
 40
3.0
 40
3.0
 40
3.0
 40
4.0
 40
4.0
 40
4.0
 40
5.0
 40
5.0
 40
5.0
 40
6.0
 40
6.0
 40
6.0
 40
7.0
 40
7.0
 40
7.0
 40
8.0
 40
8.0
 40
8.0
 40
9.0
 40
9.0
 40
9.0
 40
10.0
 40
10.0
 40
10.0
 40
11.0
 40
11.0
 40
11.0
 40
12.0
 40
12.0
 40
12.0
 40
13.0
 40
13.0
 40
13.0
 40
14.0
 40
14.0
 40
14.0
 40
15.0
 40
15.0
 40
15.0
 40
16.0
 40
16.0
 40
16.0
 40
16.0
 10
755.9954418411662
 20
1370.247684842623
 10
755.9954418411662
 20
1370.247684842623
 10
755.9954418411662
 20
1410.252290858615
 10
755.9954418411662
 20
1410.252290858615
 10
755.9954418411662
 20
1410.252290858615
 10
-0.004571363659937
 20
1410.252088888179
 10
-0.004571363659937
 20
1410.252088888179
 10
-0.004571363659937
 20
1410.252088888179
 10
-0.004571363659937
 20
1370.247684842623
 10
-0.004571363659937
 20
1370.247684842623
 10
-0.004571363659937
 20
1370.247684842623
 10
-40.00455577163756
 20
1384.813493927525
 10
-40.00455577163756
 20
1384.813493927525
 10
-40.00455577163756
 20
1384.813493927525
 10
-40.00455643395502
 20
250.8925022769579
 10
-40.00455643395502
 20
250.8925022769579
 10
-40.00455643395502
 20
250.7057350379638
 10
-39.95221251442601
 20
250.5226712766163
 10
-39.85346746508004
 20
250.3641322887545
 10
-39.85346746508004
 20
250.3641322887545
 10
-17.78427191395671
 20
214.9287629331927
 10
-17.78427191395671
 20
214.9287629331927
 10
-17.64644656269994
 20
214.7074370801122
 10
-17.42772606308014
 20
214.5485966463954
 10
-17.1745976723014
 20
214.4860035677978
 10
-17.1745976723014
 20
214.4860035677978
 10
-0.004571363659937
 20
210.2522183536016
 10
-0.004571363659937
 20
210.2522183536016
 10
-0.004571363659937
 20
210.2522183536016
 10
755.9954418411662
 20
210.2523798746504
 10
755.9954418411662
 20
210.2523798746504
 10
755.9954418411662
 20
210.2523798746504
 10
773.1645207485492
 20
214.4858313130235
 10
773.1645207485492
 20
214.4858313130235
 10
773.4182520310378
 20
214.5485966463954
 10
773.6376184860611
 20
214.7078677170479
 10
773.7758529424068
 20
214.9297964618383
 10
773.7758529424068
 20
214.9297964618383
 10
795.8441010922717
 20
250.3638523747463
 10
795.8441010922717
 20
250.3638523747463
 10
795.9429753326983
 20
250.522606681076
 10
795.9954269114612
 20
250.7058857608912
 10
795.9954269114612
 20
250.8929113820467
 10
795.9954269114612
 20
250.8929113820467
 10
795.9955130388483
 20
1384.813493927525
 10
795.9955130388483
 20
1384.813493927525
 10
795.9955130388483
 20
1384.813493927525
 10
755.9954418411662
 20
1370.247684842623
 10
755.9954418411662
 20
1370.247684842623
 97
        0
 92
        1
 93
        1
 72
     4
 94
        3
 73
     0
 74
     1
 95
       17
 96
       13
 40
0.0
 40
0.0
 40
0.0
 40
0.0
 40
1.0
 40
1.0
 40
1.0
 40
2.0
 40
2.0
 40
2.0
 40
3.0
 40
3.0
 40
3.0
 40
4.0
 40
4.0
 40
4.0
 40
4.0
 10
-20.00457135865988
 20
287.2786964546018
 10
-21.66065029026626
 20
287.2786964546018
 10
-23.00318246902134
 20
288.6212286333568
 10
-23.00318246902134
 20
290.2773075649632
 10
-23.00318246902134
 20
291.9334080284164
 10
-21.66065029026626
 20
293.2759186753247
 10
-20.00457135865988
 20
293.2759186753247
 10
-18.3484924270535
 20
293.2759186753247
 10
-17.00596024829843
 20
291.9334080284164
 10
-17.00596024829843
 20
290.2773075649632
 10
-17.00596024829843
 20
288.6212286333568
 10
-18.3484924270535
 20
287.2786964546018
 10
-20.00457135865988
 20
287.2786964546018
 97
        0
 92
        1
 93
        1
 72
     4
 94
        3
 73
     0
 74
     1
 95
       17
 96
       13
 40
0.0
 40
0.0
 40
0.0
 40
0.0
 40
1.0
 40
1.0
 40
1.0
 40
2.0
 40
2.0
 40
2.0
 40
3.0
 40
3.0
 40
3.0
 40
4.0
 40
4.0
 40
4.0
 40
4.0
 10
-20.00457135865988
 20
584.052980404117
 10
-21.66065029026626
 20
584.052980404117
 10
-23.00318246902134
 20
585.3955341147189
 10
-23.00318246902134
 20
587.0515915144784
 10
-23.00318246902134
 20
588.7077350416251
 10
-21.66065029026626
 20
590.0502026248399
 10
-20.00457135865988
 20
590.0502026248399
 10
-18.3484924270535
 20
590.0502026248399
 10
-17.00596024829843
 20
588.7077350416251
 10
-17.00596024829843
 20
587.0515915144784
 10
-17.00596024829843
 20
585.3955341147189
 10
-18.3484924270535
 20
584.052980404117
 10
-20.00457135865988
 20
584.052980404117
 97
        0
 92
        1
 93
        1
 72
     4
 94
        3
 73
     0
 74
     1
 95
       17
 96
       13
 40
0.0
 40
0.0
 40
0.0
 40
0.0
 40
1.0
 40
1.0
 40
1.0
 40
2.0
 40
2.0
 40
2.0
 40
3.0
 40
3.0
 40
3.0
 40
4.0
 40
4.0
 40
4.0
 40
4.0
 10
-20.00457135865988
 20
880.7097220020448
 10
-21.66065029026626
 20
880.7097220020448
 10
-23.00318246902134
 20
882.0522757126467
 10
-23.00318246902134
 20
883.7083331124063
 10
-23.00318246902134
 20
885.3643905121659
 10
-21.66065029026626
 20
886.7069442227678
 10
-20.00457135865988
 20
886.7069442227678
 10
-18.3484924270535
 20
886.7069442227678
 10
-17.00596024829843
 20
885.3643905121659
 10
-17.00596024829843
 20
883.7083331124063
 10
-17.00596024829843
 20
882.0522757126467
 10
-18.3484924270535
 20
880.7097220020448
 10
-20.00457135865988
 20
880.7097220020448
 97
        0
 92
        1
 93
        1
 72
     4
 94
        3
 73
     0
 74
     1
 95
       17
 96
       13
 40
0.0
 40
0.0
 40
0.0
 40
0.0
 40
1.0
 40
1.0
 40
1.0
 40
2.0
 40
2.0
 40
2.0
 40
3.0
 40
3.0
 40
3.0
 40
4.0
 40
4.0
 40
4.0
 40
4.0
 10
-20.00457135865988
 20
1177.366463599973
 10
-21.66065029026626
 20
1177.366463599973
 10
-23.00318246902134
 20
1178.708931183187
 10
-23.00318246902134
 20
1180.365074710334
 10
-23.00318246902134
 20
1182.021132110094
 10
-21.66065029026626
 20
1183.363685820696
 10
-20.00457135865988
 20
1183.363685820696
 10
-18.3484924270535
 20
1183.363685820696
 10
-17.00596024829843
 20
1182.021132110094
 10
-17.00596024829843
 20
1180.365074710334
 10
-17.00596024829843
 20
1178.708931183187
 10
-18.3484924270535
 20
1177.366463599973
 10
-20.00457135865988
 20
1177.366463599973
 97
        0
 92
        1
 93
        1
 72
     4
 94
        3
 73
     0
 74
     1
 95
       17
 96
       13
 40
0.0
 40
0.0
 40
0.0
 40
0.0
 40
1.0
 40
1.0
 40
1.0
 40
2.0
 40
2.0
 40
2.0
 40
3.0
 40
3.0
 40
3.0
 40
4.0
 40
4.0
 40
4.0
 40
4.0
 10
-20.00457135865988
 20
1347.464091324375
 10
-21.66065029026626
 20
1347.464091324375
 10
-23.00318246902134
 20
1348.806645034977
 10
-23.00318246902134
 20
1350.462702434737
 10
-23.00318246902134
 20
1352.118845961884
 10
-21.66065029026626
 20
1353.461313545098
 10
-20.00457135865988
 20
1353.461313545098
 10
-18.3484924270535
 20
1353.461313545098
 10
-17.00596024829843
 20
1352.118845961884
 10
-17.00596024829843
 20
1350.462702434737
 10
-17.00596024829843
 20
1348.806645034977
 10
-18.3484924270535
 20
1347.464091324375
 10
-20.00457135865988
 20
1347.464091324375
 97
        0
 92
        1
 93
        1
 72
     4
 94
        3
 73
     0
 74
     1
 95
       17
 96
       13
 40
0.0
 40
0.0
 40
0.0
 40
0.0
 40
1.0
 40
1.0
 40
1.0
 40
2.0
 40
2.0
 40
2.0
 40
3.0
 40
3.0
 40
3.0
 40
4.0
 40
4.0
 40
4.0
 40
4.0
 10
708.8622010896031
 20
730.1205503545792
 10
710.2429522963977
 20
730.1205503545792
 10
711.3623068832488
 20
729.0011527040344
 10
711.3623068832488
 20
727.6207029430949
 10
711.3623068832488
 20
726.2399947999938
 10
710.2429522963977
 20
725.120597149449
 10
708.8622010896031
 20
725.120597149449
 10
707.4814068191149
 20
725.120597149449
 10
706.3623967418122
 20
726.2399947999938
 10
706.3623967418122
 20
727.6207029430949
 10
706.3623967418122
 20
729.0011527040344
 10
707.4814068191149
 20
730.1205503545792
 10
708.8622010896031
 20
730.1205503545792
 97
        0
 92
        1
 93
        1
 72
     4
 94
        3
 73
     0
 74
     1
 95
       17
 96
       13
 40
0.0
 40
0.0
 40
0.0
 40
0.0
 40
1.0
 40
1.0
 40
1.0
 40
2.0
 40
2.0
 40
2.0
 40
3.0
 40
3.0
 40
3.0
 40
4.0
 40
4.0
 40
4.0
 40
4.0
 10
518.0160982320411
 20
1393.266463545998
 10
519.6721556318007
 20
1393.266463545998
 10
521.0147093424026
 20
1391.923909835396
 10
521.0147093424026
 20
1390.267852435636
 10
521.0147093424026
 20
1388.611708908489
 10
519.6721556318007
 20
1387.269241325275
 10
518.0160982320411
 20
1387.269241325275
 10
516.3600408322816
 20
1387.269241325275
 10
515.0174871216797
 20
1388.611708908489
 10
515.0174871216797
 20
1390.267852435636
 10
515.0174871216797
 20
1391.923909835396
 10
516.3600408322816
 20
1393.266463545998
 10
518.0160982320411
 20
1393.266463545998
 97
        0
 92
        1
 93
        1
 72
     4
 94
        3
 73
     0
 74
     1
 95
       17
 96
       13
 40
0.0
 40
0.0
 40
0.0
 40
0.0
 40
1.0
 40
1.0
 40
1.0
 40
2.0
 40
2.0
 40
2.0
 40
3.0
 40
3.0
 40
3.0
 40
4.0
 40
4.0
 40
4.0
 40
4.0
 10
238.0368054960464
 20
1393.266463545998
 10
239.6928844276528
 20
1393.266463545998
 10
241.0354166064078
 20
1391.923909835396
 10
241.0354166064078
 20
1390.267852435636
 10
241.0354166064078
 20
1388.611708908489
 10
239.6928844276528
 20
1387.269241325275
 10
238.0368054960464
 20
1387.269241325275
 10
236.38072656444
 20
1387.269241325275
 10
235.0381943856849
 20
1388.611708908489
 10
235.0381943856849
 20
1390.267852435636
 10
235.0381943856849
 20
1391.923909835396
 10
236.38072656444
 20
1393.266463545998
 10
238.0368054960464
 20
1393.266463545998
 97
        0
 92
        1
 93
        1
 72
     4
 94
        3
 73
     0
 74
     1
 95
       17
 96
       13
 40
0.0
 40
0.0
 40
0.0
 40
0.0
 40
1.0
 40
1.0
 40
1.0
 40
2.0
 40
2.0
 40
2.0
 40
3.0
 40
3.0
 40
3.0
 40
4.0
 40
4.0
 40
4.0
 40
4.0
 10
47.16964449233085
 20
730.8164596425997
 10
48.55041723097221
 20
730.8164596425997
 10
49.66977181782345
 20
729.697061992055
 10
49.66977181782345
 20
728.3163538489539
 10
49.66977181782345
 20
726.9355595784658
 10
48.55041723097221
 20
725.8165064374696
 10
47.16964449233085
 20
725.8165064374696
 10
45.78921626323802
 20
725.8165064374696
 10
44.66986167638679
 20
726.9355595784658
 10
44.66986167638679
 20
728.3163538489539
 10
44.66986167638679
 20
729.697061992055
 10
45.78921626323802
 20
730.8164596425997
 10
47.16964449233085
 20
730.8164596425997
 97
        0
 92
        1
 93
        1
 72
     4
 94
        3
 73
     0
 74
     1
 95
       17
 96
       13
 40
0.0
 40
0.0
 40
0.0
 40
0.0
 40
1.0
 40
1.0
 40
1.0
 40
2.0
 40
2.0
 40
2.0
 40
3.0
 40
3.0
 40
3.0
 40
4.0
 40
4.0
 40
4.0
 40
4.0
 10
47.16977368341155
 20
597.1375822481766
 10
45.7890009447702
 20
597.1375822481766
 10
44.66999086746749
 20
598.2569368350278
 10
44.66999086746749
 20
599.6376880418223
 10
44.66999086746749
 20
601.0184823123105
 10
45.7890009447702
 20
602.1378368991617
 10
47.16977368341155
 20
602.1378368991617
 10
48.5505464220529
 20
602.1378368991617
 10
49.66990100890414
 20
601.0184823123105
 10
49.66990100890414
 20
599.6376880418223
 10
49.66990100890414
 20
598.2569368350278
 10
48.5505464220529
 20
597.1375822481766
 10
47.16977368341155
 20
597.1375822481766
 97
        0
 92
        1
 93
        1
 72
     4
 94
        3
 73
     0
 74
     1
 95
       29
 96
       25
 40
0.0
 40
0.0
 40
0.0
 40
0.0
 40
1.0
 40
1.0
 40
1.0
 40
2.0
 40
2.0
 40
2.0
 40
3.0
 40
3.0
 40
3.0
 40
4.0
 40
4.0
 40
4.0
 40
5.0
 40
5.0
 40
5.0
 40
6.0
 40
6.0
 40
6.0
 40
7.0
 40
7.0
 40
7.0
 40
8.0
 40
8.0
 40
8.0
 40
8.0
 10
53.21356928872569
 20
654.9993389611417
 10
53.21356928872569
 20
651.6853293591056
 10
50.52751446626353
 20
648.9992745366434
 10
47.21352639607422
 20
648.9992745366434
 10
47.21352639607422
 20
648.9992745366434
 10
39.21358404238845
 20
648.9992745366434
 10
39.21358404238845
 20
648.9992745366434
 10
35.89994048174767
 20
648.9992745366434
 10
33.21354114973698
 20
651.6853293591056
 10
33.21354114973698
 20
654.9993389611417
 10
33.21354114973698
 20
654.9993389611417
 10
33.21354114973698
 20
672.9991015977008
 10
33.21354114973698
 20
672.9991015977008
 10
33.21354114973698
 20
676.3131111997369
 10
35.89994048174767
 20
678.9991229585055
 10
39.21358404238845
 20
678.9991229585055
 10
39.21358404238845
 20
678.9991229585055
 10
47.21352639607422
 20
678.9991229585055
 10
47.21352639607422
 20
678.9991229585055
 10
50.52751446626353
 20
678.9991229585055
 10
53.21356928872569
 20
676.3131111997369
 10
53.21356928872569
 20
672.9991015977008
 10
53.21356928872569
 20
672.9991015977008
 10
53.21356928872569
 20
654.9993389611417
 10
53.21356928872569
 20
654.9993389611417
 97
        0
 92
        1
 93
        1
 72
     4
 94
        3
 73
     0
 74
     1
 95
       17
 96
       13
 40
0.0
 40
0.0
 40
0.0
 40
0.0
 40
1.0
 40
1.0
 40
1.0
 40
2.0
 40
2.0
 40
2.0
 40
3.0
 40
3.0
 40
3.0
 40
4.0
 40
4.0
 40
4.0
 40
4.0
 10
75.8681726901801
 20
608.0072030136884
 10
74.69694788442906
 20
606.835612166542
 10
72.79725763832195
 20
606.835612166542
 10
71.62566679117562
 20
608.0072030136884
 10
70.45409747587607
 20
609.1784062875926
 10
70.45409747587607
 20
611.0781180655465
 10
71.62566679117562
 20
612.2496658489993
 10
72.79725763832195
 20
613.4212566961456
 10
74.69694788442906
 20
613.4212566961456
 10
75.8681726901801
 20
612.2496658489993
 10
77.03976353732644
 20
611.0781180655465
 10
77.03976353732644
 20
609.1784062875926
 10
75.8681726901801
 20
608.0072030136884
 97
        0
 92
        1
 93
        1
 72
     4
 94
        3
 73
     0
 74
     1
 95
       17
 96
       13
 40
0.0
 40
0.0
 40
0.0
 40
0.0
 40
1.0
 40
1.0
 40
1.0
 40
2.0
 40
2.0
 40
2.0
 40
3.0
 40
3.0
 40
3.0
 40
4.0
 40
4.0
 40
4.0
 40
4.0
 10
73.75581239339915
 20
714.8471501576598
 10
72.09880759238112
 20
714.8471501576598
 10
70.75580171299681
 20
716.1901775688908
 10
70.75580171299681
 20
717.8471823699089
 10
70.75580171299681
 20
719.5041441072334
 10
72.09880759238112
 20
720.8471715184645
 10
73.75581239339915
 20
720.8471715184645
 10
75.41245115302189
 20
720.8471715184645
 10
76.75584460564828
 20
719.5041441072334
 10
76.75584460564828
 20
717.8471823699089
 10
76.75584460564828
 20
716.1901775688908
 10
75.41245115302189
 20
714.8471501576598
 10
73.75581239339915
 20
714.8471501576598
 97
        0
 92
        1
 93
        1
 72
     4
 94
        3
 73
     0
 74
     1
 95
       17
 96
       13
 40
0.0
 40
0.0
 40
0.0
 40
0.0
 40
1.0
 40
1.0
 40
1.0
 40
2.0
 40
2.0
 40
2.0
 40
3.0
 40
3.0
 40
3.0
 40
4.0
 40
4.0
 40
4.0
 40
4.0
 10
98.57130887428296
 20
473.0335295448276
 10
97.19053613564161
 20
473.0335295448276
 10
96.0715045264921
 20
474.1528841316788
 10
96.0715045264921
 20
475.5336353384734
 10
96.0715045264921
 20
476.914085099413
 10
97.19053613564161
 20
478.0334396862642
 10
98.57130887428296
 20
478.0334396862642
 10
99.95206008107753
 20
478.0334396862642
 10
101.071091690227
 20
476.914085099413
 10
101.071091690227
 20
475.5336353384734
 10
101.071091690227
 20
474.1528841316788
 10
99.95206008107753
 20
473.0335295448276
 10
98.57130887428296
 20
473.0335295448276
 97
        0
 92
        1
 93
        1
 72
     4
 94
        3
 73
     0
 74
     1
 95
       17
 96
       13
 40
0.0
 40
0.0
 40
0.0
 40
0.0
 40
1.0
 40
1.0
 40
1.0
 40
2.0
 40
2.0
 40
2.0
 40
3.0
 40
3.0
 40
3.0
 40
4.0
 40
4.0
 40
4.0
 40
4.0
 10
98.57115815135548
 20
849.9067787588775
 10
97.19072992226265
 20
849.9067787588775
 10
96.07137533541142
 20
851.0261764094223
 10
96.07137533541142
 20
852.4069706799105
 10
96.07137533541142
 20
853.7876788230114
 10
97.19072992226265
 20
854.9067319640077
 10
98.57115815135548
 20
854.9067319640077
 10
99.95193088999683
 20
854.9067319640077
 10
101.0712854768481
 20
853.7876788230114
 10
101.0712854768481
 20
852.4069706799105
 10
101.0712854768481
 20
851.0261764094223
 10
99.95193088999683
 20
849.9067787588775
 10
98.57115815135548
 20
849.9067787588775
 97
        0
 92
        1
 93
        1
 72
     4
 94
        3
 73
     0
 74
     1
 95
       17
 96
       13
 40
0.0
 40
0.0
 40
0.0
 40
0.0
 40
1.0
 40
1.0
 40
1.0
 40
2.0
 40
2.0
 40
2.0
 40
3.0
 40
3.0
 40
3.0
 40
4.0
 40
4.0
 40
4.0
 40
4.0
 10
106.4107959057432
 20
608.6438566593625
 10
105.0300231671019
 20
608.6438566593625
 10
103.9110130897992
 20
609.7632112462137
 10
103.9110130897992
 20
611.1439624530083
 10
103.9110130897992
 20
612.5247567234965
 10
105.0300231671019
 20
613.6441113103476
 10
106.4107959057432
 20
613.6441113103476
 10
107.7915686443846
 20
613.6441113103476
 10
108.9105787216873
 20
612.5247567234965
 10
108.9105787216873
 20
611.1439624530083
 10
108.9105787216873
 20
609.7632112462137
 10
107.7915686443846
 20
608.6438566593625
 10
106.4107959057432
 20
608.6438566593625
 97
        0
 92
        1
 93
        1
 72
     4
 94
        3
 73
     0
 74
     1
 95
       17
 96
       13
 40
0.0
 40
0.0
 40
0.0
 40
0.0
 40
1.0
 40
1.0
 40
1.0
 40
2.0
 40
2.0
 40
2.0
 40
3.0
 40
3.0
 40
3.0
 40
4.0
 40
4.0
 40
4.0
 40
4.0
 10
106.4106667146625
 20
714.2962793895683
 10
105.0302384855697
 20
714.2962793895683
 10
103.9108838987185
 20
715.4156339764196
 10
103.9108838987185
 20
716.7964282469077
 10
103.9108838987185
 20
718.1771794537023
 10
105.0302384855697
 20
719.296189531005
 10
106.4106667146625
 20
719.296189531005
 10
107.7914394533039
 20
719.296189531005
 10
108.9107940401551
 20
718.1771794537023
 10
108.9107940401551
 20
716.7964282469077
 10
108.9107940401551
 20
715.4156339764196
 10
107.7914394533039
 20
714.2962793895683
 10
106.4106667146625
 20
714.2962793895683
 97
        0
 92
        1
 93
        1
 72
     4
 94
        3
 73
     0
 74
     1
 95
       17
 96
       13
 40
0.0
 40
0.0
 40
0.0
 40
0.0
 40
1.0
 40
1.0
 40
1.0
 40
2.0
 40
2.0
 40
2.0
 40
3.0
 40
3.0
 40
3.0
 40
4.0
 40
4.0
 40
4.0
 40
4.0
 10
121.7708833178103
 20
486.9275996368402
 10
121.7708833178103
 20
488.5846044378582
 10
123.1139107290414
 20
489.9276318490893
 10
124.7709155300594
 20
489.9276318490893
 10
126.4278987992307
 20
489.9276318490893
 10
127.7709262104618
 20
488.5846044378582
 10
127.7709262104618
 20
486.9275996368402
 10
127.7709262104618
 20
485.2709824090642
 10
126.4278987992307
 20
483.9276104882846
 10
124.7709155300594
 20
483.9276104882846
 10
123.1139107290414
 20
483.9276104882846
 10
121.7708833178103
 20
485.2709824090642
 10
121.7708833178103
 20
486.9275996368402
 97
        0
 92
        1
 93
        1
 72
     4
 94
        3
 73
     0
 74
     1
 95
       17
 96
       13
 40
0.0
 40
0.0
 40
0.0
 40
0.0
 40
1.0
 40
1.0
 40
1.0
 40
2.0
 40
2.0
 40
2.0
 40
3.0
 40
3.0
 40
3.0
 40
4.0
 40
4.0
 40
4.0
 40
4.0
 10
132.3466805021238
 20
460.7681714071604
 10
133.713694390671
 20
459.4015020281618
 10
133.713694390671
 20
457.1853582298877
 10
132.3466805021238
 20
455.8187319145827
 10
130.9796666135767
 20
454.4517180260355
 10
128.7638673248511
 20
454.4517180260355
 10
127.396853436304
 20
455.8187319145827
 10
126.0301840573054
 20
457.1853582298877
 10
126.0301840573054
 20
459.4015020281618
 10
127.396853436304
 20
460.7681714071604
 10
128.7638673248511
 20
462.1351852957076
 10
130.9796666135767
 20
462.1351852957076
 10
132.3466805021238
 20
460.7681714071604
 97
        0
 92
        1
 93
        1
 72
     4
 94
        3
 73
     0
 74
     1
 95
       29
 96
       25
 40
0.0
 40
0.0
 40
0.0
 40
0.0
 40
1.0
 40
1.0
 40
1.0
 40
2.0
 40
2.0
 40
2.0
 40
3.0
 40
3.0
 40
3.0
 40
4.0
 40
4.0
 40
4.0
 40
5.0
 40
5.0
 40
5.0
 40
6.0
 40
6.0
 40
6.0
 40
7.0
 40
7.0
 40
7.0
 40
8.0
 40
8.0
 40
8.0
 40
8.0
 10
151.4247149618726
 20
416.325104672937
 10
151.4247149618726
 20
416.325104672937
 10
145.7679112387859
 20
410.6683009498503
 10
145.7679112387859
 20
410.6683009498503
 10
143.4247726081868
 20
408.3251623192512
 10
139.6257150936743
 20
408.3251623192512
 10
137.2825549312284
 20
410.6683009498503
 10
137.2825549312284
 20
410.6683009498503
 10
124.5546927246665
 20
423.3962062201059
 10
124.5546927246665
 20
423.3962062201059
 10
122.2115325622206
 20
425.7393448507049
 10
122.2115325622206
 20
429.5384238970642
 10
124.5546927246665
 20
431.8815625276633
 10
124.5546927246665
 20
431.8815625276633
 10
130.2114749159063
 20
437.53836625075
 10
130.2114749159063
 20
437.53836625075
 10
132.5546350783522
 20
439.8818493908976
 10
136.3536925928647
 20
439.8818493908976
 10
138.6968527553106
 20
437.53836625075
 10
138.6968527553106
 20
437.53836625075
 10
151.4247149618726
 20
424.8104609804944
 10
151.4247149618726
 20
424.8104609804944
 10
153.7678535924717
 20
422.4673223498954
 10
153.7678535924717
 20
418.6682433035361
 10
151.4247149618726
 20
416.325104672937
 97
        0
 92
        1
 93
        1
 72
     4
 94
        3
 73
     0
 74
     1
 95
       17
 96
       13
 40
0.0
 40
0.0
 40
0.0
 40
0.0
 40
1.0
 40
1.0
 40
1.0
 40
2.0
 40
2.0
 40
2.0
 40
3.0
 40
3.0
 40
3.0
 40
4.0
 40
4.0
 40
4.0
 40
4.0
 10
146.0958627971349
 20
509.3096959854113
 10
146.0958627971349
 20
510.6904902558995
 10
147.2152389158329
 20
511.8098448427507
 10
148.5960116544743
 20
511.8098448427507
 10
149.9767628612688
 20
511.8098448427507
 10
151.0957944704183
 20
510.6904902558995
 10
151.0957944704183
 20
509.3096959854113
 10
151.0957944704183
 20
507.9292892881653
 10
149.9767628612688
 20
506.809934701314
 10
148.5960116544743
 20
506.809934701314
 10
147.2152389158329
 20
506.809934701314
 10
146.0958627971349
 20
507.9292892881653
 10
146.0958627971349
 20
509.3096959854113
 97
        0
 92
        1
 93
        1
 72
     4
 94
        3
 73
     0
 74
     1
 95
       17
 96
       13
 40
0.0
 40
0.0
 40
0.0
 40
0.0
 40
1.0
 40
1.0
 40
1.0
 40
2.0
 40
2.0
 40
2.0
 40
3.0
 40
3.0
 40
3.0
 40
4.0
 40
4.0
 40
4.0
 40
4.0
 10
174.7949077593069
 20
413.3703324026253
 10
173.4278938707598
 20
412.0033185140782
 10
171.2120945820342
 20
412.0033185140782
 10
169.8450806934871
 20
413.3703324026253
 10
168.4784113144885
 20
414.7369587179303
 10
168.4784113144885
 20
416.9531025162045
 10
169.8450806934871
 20
418.3197718952031
 10
171.2120945820342
 20
419.6867857837502
 10
173.4278938707598
 20
419.6867857837502
 10
174.7949077593069
 20
418.3197718952031
 10
176.1619216478541
 20
416.9531025162045
 10
176.1619216478541
 20
414.7369587179303
 10
174.7949077593069
 20
413.3703324026253
 97
        0
 92
        1
 93
        1
 72
     4
 94
        3
 73
     0
 74
     1
 95
       17
 96
       13
 40
0.0
 40
0.0
 40
0.0
 40
0.0
 40
1.0
 40
1.0
 40
1.0
 40
2.0
 40
2.0
 40
2.0
 40
3.0
 40
3.0
 40
3.0
 40
4.0
 40
4.0
 40
4.0
 40
4.0
 10
189.5690274930266
 20
382.035810926084
 10
188.1882547543852
 20
382.035810926084
 10
187.0688786356872
 20
383.1551655129352
 10
187.0688786356872
 20
384.5359167197298
 10
187.0688786356872
 20
385.9167109902179
 10
188.1882547543852
 20
387.0357210675206
 10
189.5690274930266
 20
387.0357210675206
 10
190.9497786998212
 20
387.0357210675206
 10
192.0688103089707
 20
385.9167109902179
 10
192.0688103089707
 20
384.5359167197298
 10
192.0688103089707
 20
383.1551655129352
 10
190.9497786998212
 20
382.035810926084
 10
189.5690274930266
 20
382.035810926084
 97
        0
 92
        1
 93
        1
 72
     4
 94
        3
 73
     0
 74
     1
 95
       17
 96
       13
 40
0.0
 40
0.0
 40
0.0
 40
0.0
 40
1.0
 40
1.0
 40
1.0
 40
2.0
 40
2.0
 40
2.0
 40
3.0
 40
3.0
 40
3.0
 40
4.0
 40
4.0
 40
4.0
 40
4.0
 10
200.961441498425
 20
407.7510371566343
 10
199.304436697407
 20
407.7510371566343
 10
197.9614092861759
 20
409.0940215041718
 10
197.9614092861759
 20
410.7510263051898
 10
197.9614092861759
 20
412.4076865966594
 10
199.304436697407
 20
413.751058517439
 10
200.961441498425
 20
413.751058517439
 10
202.6180802580477
 20
413.751058517439
 10
203.9614521788274
 20
412.4076865966594
 10
203.9614521788274
 20
410.7510263051898
 10
203.9614521788274
 20
409.0940215041718
 10
202.6180802580477
 20
407.7510371566343
 10
200.961441498425
 20
407.7510371566343
 97
        0
 92
        1
 93
        1
 72
     4
 94
        3
 73
     0
 74
     1
 95
       17
 96
       13
 40
0.0
 40
0.0
 40
0.0
 40
0.0
 40
1.0
 40
1.0
 40
1.0
 40
2.0
 40
2.0
 40
2.0
 40
3.0
 40
3.0
 40
3.0
 40
4.0
 40
4.0
 40
4.0
 40
4.0
 10
223.3121874780804
 20
432.0692771679159
 10
221.931414739439
 20
432.0692771679159
 10
220.812038620741
 20
433.1886317547671
 10
220.812038620741
 20
434.5693829615616
 10
220.812038620741
 20
435.9501772320498
 10
221.931414739439
 20
437.0691873093525
 10
223.3121874780804
 20
437.0691873093525
 10
224.6929386848749
 20
437.0691873093525
 10
225.8119702940245
 20
435.9501772320498
 10
225.8119702940245
 20
434.5693829615616
 10
225.8119702940245
 20
433.1886317547671
 10
224.6929386848749
 20
432.0692771679159
 10
223.3121874780804
 20
432.0692771679159
 97
        0
 92
        1
 93
        1
 72
     4
 94
        3
 73
     0
 74
     1
 95
       17
 96
       13
 40
0.0
 40
0.0
 40
0.0
 40
0.0
 40
1.0
 40
1.0
 40
1.0
 40
2.0
 40
2.0
 40
2.0
 40
3.0
 40
3.0
 40
3.0
 40
4.0
 40
4.0
 40
4.0
 40
4.0
 10
313.6577495214662
 20
330.6498001967429
 10
312.2769767828249
 20
330.6498001967429
 10
311.1576006641268
 20
331.7691547835942
 10
311.1576006641268
 20
333.1499275222355
 10
311.1576006641268
 20
334.5307002608769
 10
312.2769767828249
 20
335.6500548477281
 10
313.6577495214662
 20
335.6500548477281
 10
315.0385007282608
 20
335.6500548477281
 10
316.1575323374103
 20
334.5307002608769
 10
316.1575323374103
 20
333.1499275222355
 10
316.1575323374103
 20
331.7691547835942
 10
315.0385007282608
 20
330.6498001967429
 10
313.6577495214662
 20
330.6498001967429
 97
        0
 92
        1
 93
        1
 72
     4
 94
        3
 73
     0
 74
     1
 95
       17
 96
       13
 40
0.0
 40
0.0
 40
0.0
 40
0.0
 40
1.0
 40
1.0
 40
1.0
 40
2.0
 40
2.0
 40
2.0
 40
3.0
 40
3.0
 40
3.0
 40
4.0
 40
4.0
 40
4.0
 40
4.0
 10
324.130323032303
 20
356.7184716922332
 10
322.4736627408334
 20
356.7184716922332
 10
321.1302908200538
 20
358.0618436130127
 10
321.1302908200538
 20
359.7184823726355
 10
321.1302908200538
 20
361.3750996004114
 10
322.4736627408334
 20
362.7185145848846
 10
324.130323032303
 20
362.7185145848846
 10
325.7873063014742
 20
362.7185145848846
 10
327.1303337127053
 20
361.3750996004114
 10
327.1303337127053
 20
359.7184823726355
 10
327.1303337127053
 20
358.0618436130127
 10
325.7873063014742
 20
356.7184716922332
 10
324.130323032303
 20
356.7184716922332
 97
        0
 92
        1
 93
        1
 72
     4
 94
        3
 73
     0
 74
     1
 95
       17
 96
       13
 40
0.0
 40
0.0
 40
0.0
 40
0.0
 40
1.0
 40
1.0
 40
1.0
 40
2.0
 40
2.0
 40
2.0
 40
3.0
 40
3.0
 40
3.0
 40
4.0
 40
4.0
 40
4.0
 40
4.0
 10
325.179505330489
 20
389.8754702123185
 10
323.7987325918476
 20
389.8754702123185
 10
322.6793564731496
 20
390.9948247991697
 10
322.6793564731496
 20
392.3752314964158
 10
322.6793564731496
 20
393.7560257669039
 10
323.7987325918476
 20
394.8753803537551
 10
325.179505330489
 20
394.8753803537551
 10
326.5602565372836
 20
394.8753803537551
 10
327.6792881464331
 20
393.7560257669039
 10
327.6792881464331
 20
392.3752314964158
 10
327.6792881464331
 20
390.9948247991697
 10
326.5602565372836
 20
389.8754702123185
 10
325.179505330489
 20
389.8754702123185
 97
        0
 92
        1
 93
        1
 72
     4
 94
        3
 73
     0
 74
     1
 95
       29
 96
       25
 40
0.0
 40
0.0
 40
0.0
 40
0.0
 40
1.0
 40
1.0
 40
1.0
 40
2.0
 40
2.0
 40
2.0
 40
3.0
 40
3.0
 40
3.0
 40
4.0
 40
4.0
 40
4.0
 40
5.0
 40
5.0
 40
5.0
 40
6.0
 40
6.0
 40
6.0
 40
7.0
 40
7.0
 40
7.0
 40
8.0
 40
8.0
 40
8.0
 40
8.0
 10
393.0174403585599
 20
325.1953312378744
 10
393.0174403585599
 20
321.8820537186289
 10
390.3314285997913
 20
319.1956328547714
 10
387.0174189977552
 20
319.1956328547714
 10
387.0174189977552
 20
319.1956328547714
 10
369.0176563611961
 20
319.1956328547714
 10
369.0176563611961
 20
319.1956328547714
 10
365.7036467591601
 20
319.1956328547714
 10
363.0175919366979
 20
321.8820537186289
 10
363.0175919366979
 20
325.1953312378744
 10
363.0175919366979
 20
325.1953312378744
 10
363.0175919366979
 20
333.1956181011087
 10
363.0175919366979
 20
333.1956181011087
 10
363.0175919366979
 20
336.5092616617495
 10
365.7036467591601
 20
339.1956825256069
 10
369.0176563611961
 20
339.1956825256069
 10
369.0176563611961
 20
339.1956825256069
 10
387.0174189977552
 20
339.1956825256069
 10
387.0174189977552
 20
339.1956825256069
 10
390.3314285997913
 20
339.1956825256069
 10
393.0174403585599
 20
336.5092616617495
 10
393.0174403585599
 20
333.1956181011087
 10
393.0174403585599
 20
333.1956181011087
 10
393.0174403585599
 20
325.1953312378744
 10
393.0174403585599
 20
325.1953312378744
 97
        0
 92
        1
 93
        1
 72
     4
 94
        3
 73
     0
 74
     1
 95
       17
 96
       13
 40
0.0
 40
0.0
 40
0.0
 40
0.0
 40
1.0
 40
1.0
 40
1.0
 40
2.0
 40
2.0
 40
2.0
 40
3.0
 40
3.0
 40
3.0
 40
4.0
 40
4.0
 40
4.0
 40
4.0
 10
434.0021479899153
 20
355.8331252162175
 10
432.830557142769
 20
354.6619004104665
 10
430.9311898743636
 20
354.6619004104665
 10
429.7596420909108
 20
355.8331252162175
 10
428.5877067342159
 20
357.0046945315171
 10
428.5877067342159
 20
358.904406309471
 10
429.7596420909108
 20
360.0756095833752
 10
430.9311898743636
 20
361.2475449400701
 10
432.830557142769
 20
361.2475449400701
 10
434.0021479899153
 20
360.0756095833752
 10
435.1736957733681
 20
358.904406309471
 10
435.1736957733681
 20
357.0046945315171
 10
434.0021479899153
 20
355.8331252162175
 97
        0
 92
        1
 93
        1
 72
     4
 94
        3
 73
     0
 74
     1
 95
       17
 96
       13
 40
0.0
 40
0.0
 40
0.0
 40
0.0
 40
1.0
 40
1.0
 40
1.0
 40
2.0
 40
2.0
 40
2.0
 40
3.0
 40
3.0
 40
3.0
 40
4.0
 40
4.0
 40
4.0
 40
4.0
 10
428.3348797892922
 20
392.391767954745
 10
428.3348797892922
 20
393.7725191615395
 10
429.454277439837
 20
394.8918737483908
 10
430.8350286466315
 20
394.8918737483908
 10
432.2154353438776
 20
394.8918737483908
 10
433.3348329944224
 20
393.7725191615395
 10
433.3348329944224
 20
392.391767954745
 10
433.3348329944224
 20
391.0109736842568
 10
432.2154353438776
 20
389.8916190974056
 10
430.8350286466315
 20
389.8916190974056
 10
429.454277439837
 20
389.8916190974056
 10
428.3348797892922
 20
391.0109736842568
 10
428.3348797892922
 20
392.391767954745
 97
        0
 92
        1
 93
        1
 72
     4
 94
        3
 73
     0
 74
     1
 95
       17
 96
       13
 40
0.0
 40
0.0
 40
0.0
 40
0.0
 40
1.0
 40
1.0
 40
1.0
 40
2.0
 40
2.0
 40
2.0
 40
3.0
 40
3.0
 40
3.0
 40
4.0
 40
4.0
 40
4.0
 40
4.0
 10
442.3499157965306
 20
330.6342542033657
 10
440.9695090992846
 20
330.6342542033657
 10
439.8501114487398
 20
331.7536303220638
 10
439.8501114487398
 20
333.1344030607052
 10
439.8501114487398
 20
334.5151542674997
 10
440.9695090992846
 20
335.6345303861977
 10
442.3499157965306
 20
335.6345303861977
 10
443.7306670033252
 20
335.6345303861977
 10
444.85006465387
 20
334.5151542674997
 10
444.85006465387
 20
333.1344030607052
 10
444.85006465387
 20
331.7536303220638
 10
443.7306670033252
 20
330.6342542033657
 10
442.3499157965306
 20
330.6342542033657
 97
        0
 92
        1
 93
        1
 72
     4
 94
        3
 73
     0
 74
     1
 95
       17
 96
       13
 40
0.0
 40
0.0
 40
0.0
 40
0.0
 40
1.0
 40
1.0
 40
1.0
 40
2.0
 40
2.0
 40
2.0
 40
3.0
 40
3.0
 40
3.0
 40
4.0
 40
4.0
 40
4.0
 40
4.0
 10
532.702368030887
 20
432.0857705625515
 10
531.3216168240924
 20
432.0857705625515
 10
530.2022191735475
 20
433.2051251494027
 10
530.2022191735475
 20
434.5855749103424
 10
530.2022191735475
 20
435.9663261171369
 10
531.3216168240924
 20
437.0856807039881
 10
532.702368030887
 20
437.0856807039881
 10
534.082774728133
 20
437.0856807039881
 10
535.2021723786778
 20
435.9663261171369
 10
535.2021723786778
 20
434.5855749103424
 10
535.2021723786778
 20
433.2051251494027
 10
534.082774728133
 20
432.0857705625515
 10
532.702368030887
 20
432.0857705625515
 97
        0
 92
        1
 93
        1
 72
     4
 94
        3
 73
     0
 74
     1
 95
       17
 96
       13
 40
0.0
 40
0.0
 40
0.0
 40
0.0
 40
1.0
 40
1.0
 40
1.0
 40
2.0
 40
2.0
 40
2.0
 40
3.0
 40
3.0
 40
3.0
 40
4.0
 40
4.0
 40
4.0
 40
4.0
 10
555.0479463673145
 20
407.7354911632571
 10
553.391286075845
 20
407.7354911632571
 10
552.0479141550653
 20
409.0785185744882
 10
552.0479141550653
 20
410.7355233755063
 10
552.0479141550653
 20
412.3921406032822
 10
553.391286075845
 20
413.7355125240618
 10
555.0479463673145
 20
413.7355125240618
 10
556.7049511683325
 20
413.7355125240618
 10
558.0479785795635
 20
412.3921406032822
 10
558.0479785795635
 20
410.7355233755063
 10
558.0479785795635
 20
409.0785185744882
 10
556.7049511683325
 20
407.7354911632571
 10
555.0479463673145
 20
407.7354911632571
 97
        0
 92
        1
 93
        1
 72
     4
 94
        3
 73
     0
 74
     1
 95
       17
 96
       13
 40
0.0
 40
0.0
 40
0.0
 40
0.0
 40
1.0
 40
1.0
 40
1.0
 40
2.0
 40
2.0
 40
2.0
 40
3.0
 40
3.0
 40
3.0
 40
4.0
 40
4.0
 40
4.0
 40
4.0
 10
566.4422551752298
 20
382.0357678623904
 10
565.0614609047416
 20
382.0357678623904
 10
563.9421063178904
 20
383.1551224492416
 10
563.9421063178904
 20
384.5359167197298
 10
563.9421063178904
 20
385.9166679265243
 10
565.0614609047416
 20
387.0356780038271
 10
566.4422551752298
 20
387.0356780038271
 10
567.8230063820243
 20
387.0356780038271
 10
568.9424040325691
 20
385.9166679265243
 10
568.9424040325691
 20
384.5359167197298
 10
568.9424040325691
 20
383.1551224492416
 10
567.8230063820243
 20
382.0357678623904
 10
566.4422551752298
 20
382.0357678623904
 97
        0
 92
        1
 93
        1
 72
     4
 94
        3
 73
     0
 74
     1
 95
       17
 96
       13
 40
0.0
 40
0.0
 40
0.0
 40
0.0
 40
1.0
 40
1.0
 40
1.0
 40
2.0
 40
2.0
 40
2.0
 40
3.0
 40
3.0
 40
3.0
 40
4.0
 40
4.0
 40
4.0
 40
4.0
 10
586.157201662814
 20
413.3866104787931
 10
584.7905322838154
 20
412.0199410997945
 10
582.5743884855414
 20
412.0199410997945
 10
581.2073745969942
 20
413.3866104787931
 10
579.8407052179956
 20
414.7536243673403
 10
579.8407052179956
 20
416.9694236560658
 10
581.2073745969942
 20
418.336437544613
 10
582.5743884855414
 20
419.703063859918
 10
584.7905322838154
 20
419.703063859918
 10
586.157201662814
 20
418.336437544613
 10
587.523827978119
 20
416.9694236560658
 10
587.523827978119
 20
414.7536243673403
 10
586.157201662814
 20
413.3866104787931
 97
        0
 92
        1
 93
        1
 72
     4
 94
        3
 73
     0
 74
     1
 95
       29
 96
       25
 40
0.0
 40
0.0
 40
0.0
 40
0.0
 40
1.0
 40
1.0
 40
1.0
 40
2.0
 40
2.0
 40
2.0
 40
3.0
 40
3.0
 40
3.0
 40
4.0
 40
4.0
 40
4.0
 40
5.0
 40
5.0
 40
5.0
 40
6.0
 40
6.0
 40
6.0
 40
7.0
 40
7.0
 40
7.0
 40
8.0
 40
8.0
 40
8.0
 40
8.0
 10
630.9954639128891
 20
423.1295127658539
 10
630.9954639128891
 20
423.1295127658539
 10
618.2675586426336
 20
410.401650559292
 10
618.2675586426336
 20
410.401650559292
 10
615.9244200120346
 20
408.0584688649993
 10
612.1257285389174
 20
408.0584688649993
 10
609.7822023350761
 20
410.401650559292
 10
609.7822023350761
 20
410.401650559292
 10
604.1254416756831
 20
416.0584112186851
 10
604.1254416756831
 20
416.0584112186851
 10
601.7822599813904
 20
418.4015929129777
 10
601.7822599813904
 20
422.2002843860949
 10
604.1254416756831
 20
424.5438105899361
 10
604.1254416756831
 20
424.5438105899361
 10
616.8533038822451
 20
437.2716727964981
 10
616.8533038822451
 20
437.2716727964981
 10
619.1967870223926
 20
439.6148114270972
 10
622.9955215592034
 20
439.6148114270972
 10
625.3386601898026
 20
437.2716727964981
 10
625.3386601898026
 20
437.2716727964981
 10
630.9954639128891
 20
431.6148690734114
 10
630.9954639128891
 20
431.6148690734114
 10
633.3389470530368
 20
429.2717304428123
 10
633.3389470530368
 20
425.472651396453
 10
630.9954639128891
 20
423.1295127658539
 97
        0
 92
        1
 93
        1
 72
     4
 94
        3
 73
     0
 74
     1
 95
       17
 96
       13
 40
0.0
 40
0.0
 40
0.0
 40
0.0
 40
1.0
 40
1.0
 40
1.0
 40
2.0
 40
2.0
 40
2.0
 40
3.0
 40
3.0
 40
3.0
 40
4.0
 40
4.0
 40
4.0
 40
4.0
 10
604.9063586948021
 20
509.2766230687529
 10
604.9063586948021
 20
510.6573742755475
 10
606.0257132816533
 20
511.7767288623987
 10
607.4065075521414
 20
511.7767288623987
 10
608.787258758936
 20
511.7767288623987
 10
609.9066564094808
 20
510.6573742755475
 10
609.9066564094808
 20
509.2766230687529
 10
609.9066564094808
 20
507.8958287982648
 10
608.787258758936
 20
506.7764742114135
 10
607.4065075521414
 20
506.7764742114135
 10
606.0257132816533
 20
506.7764742114135
 10
604.9063586948021
 20
507.8958287982648
 10
604.9063586948021
 20
509.2766230687529
 97
        0
 92
        1
 93
        1
 72
     4
 94
        3
 73
     0
 74
     1
 95
       17
 96
       13
 40
0.0
 40
0.0
 40
0.0
 40
0.0
 40
1.0
 40
1.0
 40
1.0
 40
2.0
 40
2.0
 40
2.0
 40
3.0
 40
3.0
 40
3.0
 40
4.0
 40
4.0
 40
4.0
 40
4.0
 10
623.6557741089515
 20
460.7848370565703
 10
625.0227879974987
 20
462.1514633718754
 10
627.2385872862243
 20
462.1514633718754
 10
628.6056011747713
 20
460.7848370565703
 10
629.9722274900764
 20
459.4178231680232
 10
629.9722274900764
 20
457.2020238792976
 10
628.6056011747713
 20
455.8350099907505
 10
627.2385872862243
 20
454.4683406117518
 10
625.0227879974987
 20
454.4683406117518
 10
623.6557741089515
 20
455.8350099907505
 10
622.2891047299529
 20
457.2020238792976
 10
622.2891047299529
 20
459.4178231680232
 10
623.6557741089515
 20
460.7848370565703
 97
        0
 92
        1
 93
        1
 72
     4
 94
        3
 73
     0
 74
     1
 95
       17
 96
       13
 40
0.0
 40
0.0
 40
0.0
 40
0.0
 40
1.0
 40
1.0
 40
1.0
 40
2.0
 40
2.0
 40
2.0
 40
3.0
 40
3.0
 40
3.0
 40
4.0
 40
4.0
 40
4.0
 40
4.0
 10
631.2386445904542
 20
483.9275674245911
 10
629.5816397894362
 20
483.9275674245911
 10
628.2386123782052
 20
485.2709393453707
 10
628.2386123782052
 20
486.9275996368402
 10
628.2386123782052
 20
488.5845613741647
 10
629.5816397894362
 20
489.9275887853958
 10
631.2386445904542
 20
489.9275887853958
 10
632.8952618182302
 20
489.9275887853958
 10
634.2386768027034
 20
488.5845613741647
 10
634.2386768027034
 20
486.9275996368402
 10
634.2386768027034
 20
485.2709393453707
 10
632.8952618182302
 20
483.9275674245911
 10
631.2386445904542
 20
483.9275674245911
 97
        0
 92
        1
 93
        1
 72
     4
 94
        3
 73
     0
 74
     1
 95
       17
 96
       13
 40
0.0
 40
0.0
 40
0.0
 40
0.0
 40
1.0
 40
1.0
 40
1.0
 40
2.0
 40
2.0
 40
2.0
 40
3.0
 40
3.0
 40
3.0
 40
4.0
 40
4.0
 40
4.0
 40
4.0
 10
378.000656711598
 20
402.470136414682
 10
233.5783997693506
 20
402.470136414682
 10
116.5006408400155
 20
519.547916875864
 10
116.5006408400155
 20
663.970195349958
 10
116.5006408400155
 20
808.3924307603585
 10
233.5783997693506
 20
925.4702112215405
 10
378.000656711598
 20
925.4702112215405
 10
522.422935185692
 20
925.4702112215405
 10
639.500715646874
 20
808.3924307603585
 10
639.500715646874
 20
663.970195349958
 10
639.500715646874
 20
519.547916875864
 10
522.422935185692
 20
402.470136414682
 10
378.000656711598
 20
402.470136414682
 97
        0
 92
        1
 93
        1
 72
     4
 94
        3
 73
     0
 74
     1
 95
       29
 96
       25
 40
0.0
 40
0.0
 40
0.0
 40
0.0
 40
1.0
 40
1.0
 40
1.0
 40
2.0
 40
2.0
 40
2.0
 40
3.0
 40
3.0
 40
3.0
 40
4.0
 40
4.0
 40
4.0
 40
5.0
 40
5.0
 40
5.0
 40
6.0
 40
6.0
 40
6.0
 40
7.0
 40
7.0
 40
7.0
 40
8.0
 40
8.0
 40
8.0
 40
8.0
 10
139.1531987160255
 20
890.179858854061
 10
136.8100385535796
 20
887.8366771597683
 10
133.0109810390671
 20
887.8366771597683
 10
130.6678208766212
 20
890.179858854061
 10
130.6678208766212
 20
890.179858854061
 10
125.0110386853814
 20
895.836619513454
 10
125.0110386853814
 20
895.836619513454
 10
122.6678785229355
 20
898.1798012077468
 10
122.6678785229355
 20
901.978880254106
 10
125.0110386853814
 20
904.3219758210115
 10
125.0110386853814
 20
904.3219758210115
 10
137.7389008919433
 20
917.0498810912671
 10
137.7389008919433
 20
917.0498810912671
 10
140.0820610543892
 20
919.3930627855598
 10
143.8811185689017
 20
919.3930627855598
 10
146.2242787313476
 20
917.0498810912671
 10
146.2242787313476
 20
917.0498810912671
 10
151.8810609225875
 20
911.393120431874
 10
151.8810609225875
 20
911.393120431874
 10
154.2242210850333
 20
909.0499387375813
 10
154.2242210850333
 20
905.2508596912221
 10
151.8810609225875
 20
902.9077641243165
 10
151.8810609225875
 20
902.9077641243165
 10
139.1531987160255
 20
890.179858854061
 10
139.1531987160255
 20
890.179858854061
 97
        0
 92
        1
 93
        1
 72
     4
 94
        3
 73
     0
 74
     1
 95
       17
 96
       13
 40
0.0
 40
0.0
 40
0.0
 40
0.0
 40
1.0
 40
1.0
 40
1.0
 40
2.0
 40
2.0
 40
2.0
 40
3.0
 40
3.0
 40
3.0
 40
4.0
 40
4.0
 40
4.0
 40
4.0
 10
151.1028569161631
 20
818.6638106948567
 10
151.1028569161631
 20
817.2830164243685
 10
149.9835023293118
 20
816.1636187738237
 10
148.603074100219
 20
816.1636187738237
 10
147.2223013615777
 20
816.1636187738237
 10
146.1029467747264
 20
817.2830164243685
 10
146.1029467747264
 20
818.6638106948567
 10
146.1029467747264
 20
820.0445188379576
 10
147.2223013615777
 20
821.1635719789539
 10
148.603074100219
 20
821.1635719789539
 10
149.9835023293118
 20
821.1635719789539
 10
151.1028569161631
 20
820.0445188379576
 10
151.1028569161631
 20
818.6638106948567
 97
        0
 92
        1
 93
        1
 72
     4
 94
        3
 73
     0
 74
     1
 95
       17
 96
       13
 40
0.0
 40
0.0
 40
0.0
 40
0.0
 40
1.0
 40
1.0
 40
1.0
 40
2.0
 40
2.0
 40
2.0
 40
3.0
 40
3.0
 40
3.0
 40
4.0
 40
4.0
 40
4.0
 40
4.0
 10
132.3538290752557
 20
867.1791956111132
 10
130.9868151867086
 20
865.812181722566
 10
128.771015897983
 20
865.812181722566
 10
127.4040020094359
 20
867.1791956111132
 10
126.0369881208888
 20
868.5457788627247
 10
126.0369881208888
 20
870.7619226609988
 10
127.4040020094359
 20
872.128936549546
 10
128.771015897983
 20
873.4956059285446
 10
130.9868151867086
 20
873.4956059285446
 10
132.3538290752557
 20
872.128936549546
 10
133.7204984542543
 20
870.7619226609988
 10
133.7204984542543
 20
868.5457788627247
 10
132.3538290752557
 20
867.1791956111132
 97
        0
 92
        1
 93
        1
 72
     4
 94
        3
 73
     0
 74
     1
 95
       17
 96
       13
 40
0.0
 40
0.0
 40
0.0
 40
0.0
 40
1.0
 40
1.0
 40
1.0
 40
2.0
 40
2.0
 40
2.0
 40
3.0
 40
3.0
 40
3.0
 40
4.0
 40
4.0
 40
4.0
 40
4.0
 10
124.7709370619062
 20
844.0126510205507
 10
126.4279418629243
 20
844.0126510205507
 10
127.7709692741553
 20
842.669580545626
 10
127.7709692741553
 20
841.0126618719952
 10
127.7709692741553
 20
839.3560015805256
 10
126.4279418629243
 20
838.0125865960524
 10
124.7709370619062
 20
838.0125865960524
 10
123.1139322608882
 20
838.0125865960524
 10
121.7709263815039
 20
839.3560015805256
 10
121.7709263815039
 20
841.0126618719952
 10
121.7709263815039
 20
842.669580545626
 10
123.1139322608882
 20
844.0126510205507
 10
124.7709370619062
 20
844.0126510205507
 97
        0
 92
        1
 93
        1
 72
     4
 94
        3
 73
     0
 74
     1
 95
       17
 96
       13
 40
0.0
 40
0.0
 40
0.0
 40
0.0
 40
1.0
 40
1.0
 40
1.0
 40
2.0
 40
2.0
 40
2.0
 40
3.0
 40
3.0
 40
3.0
 40
4.0
 40
4.0
 40
4.0
 40
4.0
 10
169.85242305324
 20
914.577163806729
 10
171.2194369417872
 20
915.9438331857276
 10
173.4352146986659
 20
915.9438331857276
 10
174.8022285872131
 20
914.577163806729
 10
176.1688979662117
 20
913.2101499181819
 10
176.1688979662117
 20
910.9944367568435
 10
174.8022285872131
 20
909.6274228682963
 10
173.4352146986659
 20
908.2604089797492
 10
171.2194369417872
 20
908.2604089797492
 10
169.85242305324
 20
909.6274228682963
 10
168.4854091646929
 20
910.9944367568435
 10
168.4854091646929
 20
913.2101499181819
 10
169.85242305324
 20
914.577163806729
 97
        0
 92
        1
 93
        1
 72
     4
 94
        3
 73
     0
 74
     1
 95
       17
 96
       13
 40
0.0
 40
0.0
 40
0.0
 40
0.0
 40
1.0
 40
1.0
 40
1.0
 40
2.0
 40
2.0
 40
2.0
 40
3.0
 40
3.0
 40
3.0
 40
4.0
 40
4.0
 40
4.0
 40
4.0
 10
187.0654550720487
 20
943.4045170438798
 10
187.0654550720487
 20
944.7852251869808
 10
188.1848096589
 20
945.9046228375256
 10
189.5652378879928
 20
945.9046228375256
 10
190.9460106266342
 20
945.9046228375256
 10
192.0653652134854
 20
944.7852251869808
 10
192.0653652134854
 20
943.4045170438798
 10
192.0653652134854
 20
942.0237227733917
 10
190.9460106266342
 20
940.9046696323954
 10
189.5652378879928
 20
940.9046696323954
 10
188.1848096589
 20
940.9046696323954
 10
187.0654550720487
 20
942.0237227733917
 10
187.0654550720487
 20
943.4045170438798
 97
        0
 92
        1
 93
        1
 72
     4
 94
        3
 73
     0
 74
     1
 95
       17
 96
       13
 40
0.0
 40
0.0
 40
0.0
 40
0.0
 40
1.0
 40
1.0
 40
1.0
 40
2.0
 40
2.0
 40
2.0
 40
3.0
 40
3.0
 40
3.0
 40
4.0
 40
4.0
 40
4.0
 40
4.0
 10
197.9702373433568
 20
917.2085277383628
 10
197.9702373433568
 20
918.8654464119937
 10
199.3136092641365
 20
920.2085168869183
 10
200.9702480237592
 20
920.2085168869183
 10
202.6272528247772
 20
920.2085168869183
 10
203.9702802360083
 20
918.8654464119937
 10
203.9702802360083
 20
917.2085277383628
 10
203.9702802360083
 20
915.5515229373448
 10
202.6272528247772
 20
914.2084524624202
 10
200.9702480237592
 20
914.2084524624202
 10
199.3136092641365
 20
914.2084524624202
 10
197.9702373433568
 20
915.5515229373448
 10
197.9702373433568
 20
917.2085277383628
 97
        0
 92
        1
 93
        1
 72
     4
 94
        3
 73
     0
 74
     1
 95
       17
 96
       13
 40
0.0
 40
0.0
 40
0.0
 40
0.0
 40
1.0
 40
1.0
 40
1.0
 40
2.0
 40
2.0
 40
2.0
 40
3.0
 40
3.0
 40
3.0
 40
4.0
 40
4.0
 40
4.0
 40
4.0
 10
220.8298239261836
 20
893.3781132477926
 10
220.8298239261836
 20
894.7588213908937
 10
221.9491785130348
 20
895.8782190414385
 10
223.3296067421277
 20
895.8782190414385
 10
224.710379480769
 20
895.8782190414385
 10
225.8297340676203
 20
894.7588213908937
 10
225.8297340676203
 20
893.3781132477926
 10
225.8297340676203
 20
891.9973189773045
 10
224.710379480769
 20
890.8782658363083
 10
223.3296067421277
 20
890.8782658363083
 10
221.9491785130348
 20
890.8782658363083
 10
220.8298239261836
 20
891.9973189773045
 10
220.8298239261836
 20
893.3781132477926
 97
        0
 92
        1
 93
        1
 72
     4
 94
        3
 73
     0
 74
     1
 95
       17
 96
       13
 40
0.0
 40
0.0
 40
0.0
 40
0.0
 40
1.0
 40
1.0
 40
1.0
 40
2.0
 40
2.0
 40
2.0
 40
3.0
 40
3.0
 40
3.0
 40
4.0
 40
4.0
 40
4.0
 40
4.0
 10
311.1576652596672
 20
994.8043081551618
 10
311.1576652596672
 20
996.1850162982628
 10
312.2770198465184
 20
997.3040694392591
 10
313.6577925851598
 20
997.3040694392591
 10
315.0382208142526
 20
997.3040694392591
 10
316.1575754011038
 20
996.1850162982628
 10
316.1575754011038
 20
994.8043081551618
 10
316.1575754011038
 20
993.4235138846736
 10
315.0382208142526
 20
992.3041162341289
 10
313.6577925851598
 20
992.3041162341289
 10
312.2770198465184
 20
992.3041162341289
 10
311.1576652596672
 20
993.4235138846736
 10
311.1576652596672
 20
994.8043081551618
 97
        0
 92
        1
 93
        1
 72
     4
 94
        3
 73
     0
 74
     1
 95
       17
 96
       13
 40
0.0
 40
0.0
 40
0.0
 40
0.0
 40
1.0
 40
1.0
 40
1.0
 40
2.0
 40
2.0
 40
2.0
 40
3.0
 40
3.0
 40
3.0
 40
4.0
 40
4.0
 40
4.0
 40
4.0
 10
326.2695766057156
 20
966.1058876165465
 10
325.0983733318113
 20
964.9339522598516
 10
323.1986615538574
 20
964.9339522598516
 10
322.0270922385579
 20
966.1058876165465
 10
320.8555013914116
 20
967.2771339541443
 10
320.8555013914116
 20
969.1768457320982
 10
322.0270922385579
 20
970.3484365792445
 10
323.1986615538574
 20
971.5199412990038
 10
325.0983733318113
 20
971.5199412990038
 10
326.2695766057156
 20
970.3484365792445
 10
327.4411674528619
 20
969.1768457320982
 10
327.4411674528619
 20
967.2771339541443
 10
326.2695766057156
 20
966.1058876165465
 97
        0
 92
        1
 93
        1
 72
     4
 94
        3
 73
     0
 74
     1
 95
       17
 96
       13
 40
0.0
 40
0.0
 40
0.0
 40
0.0
 40
1.0
 40
1.0
 40
1.0
 40
2.0
 40
2.0
 40
2.0
 40
3.0
 40
3.0
 40
3.0
 40
4.0
 40
4.0
 40
4.0
 40
4.0
 10
327.6970734518757
 20
935.5720924581643
 10
327.6970734518757
 20
934.1912981876761
 10
326.5777188650244
 20
933.0722450466799
 10
325.1969461263831
 20
933.0722450466799
 10
323.8165178972902
 20
933.0722450466799
 10
322.697163310439
 20
934.1912981876761
 10
322.697163310439
 20
935.5720924581643
 10
322.697163310439
 20
936.9528006012653
 10
323.8165178972902
 20
938.0721982518102
 10
325.1969461263831
 20
938.0721982518102
 10
326.5777188650244
 20
938.0721982518102
 10
327.6970734518757
 20
936.9528006012653
 10
327.6970734518757
 20
935.5720924581643
 97
        0
 92
        1
 93
        1
 72
     4
 94
        3
 73
     0
 74
     1
 95
       29
 96
       25
 40
0.0
 40
0.0
 40
0.0
 40
0.0
 40
1.0
 40
1.0
 40
1.0
 40
2.0
 40
2.0
 40
2.0
 40
3.0
 40
3.0
 40
3.0
 40
4.0
 40
4.0
 40
4.0
 40
5.0
 40
5.0
 40
5.0
 40
6.0
 40
6.0
 40
6.0
 40
7.0
 40
7.0
 40
7.0
 40
8.0
 40
8.0
 40
8.0
 40
8.0
 10
363.0108309368081
 20
994.2338003428044
 10
363.0108309368081
 20
994.2338003428044
 10
363.0108309368081
 20
1002.23374269649
 10
363.0108309368081
 20
1002.23374269649
 10
363.0108309368081
 20
1005.547407788978
 10
365.6972302688188
 20
1008.233807120988
 10
369.0108953613063
 20
1008.233807120988
 10
369.0108953613063
 20
1008.233807120988
 10
387.0110455711075
 20
1008.233807120988
 10
387.0110455711075
 20
1008.233807120988
 10
390.3246675999015
 20
1008.233807120988
 10
393.0110669319122
 20
1005.547407788978
 10
393.0110669319122
 20
1002.23374269649
 10
393.0110669319122
 20
1002.23374269649
 10
393.0110669319122
 20
994.2338003428044
 10
393.0110669319122
 20
994.2338003428044
 10
393.0110669319122
 20
990.920221377704
 10
390.3246675999015
 20
988.2338220456933
 10
387.0110455711075
 20
988.2338220456933
 10
387.0110455711075
 20
988.2338220456933
 10
369.0108953613063
 20
988.2338220456933
 10
369.0108953613063
 20
988.2338220456933
 10
365.6972302688188
 20
988.2338220456933
 10
363.0108309368081
 20
990.920221377704
 10
363.0108309368081
 20
994.2338003428044
 97
        0
 92
        1
 93
        1
 72
     4
 94
        3
 73
     0
 74
     1
 95
       17
 96
       13
 40
0.0
 40
0.0
 40
0.0
 40
0.0
 40
1.0
 40
1.0
 40
1.0
 40
2.0
 40
2.0
 40
2.0
 40
3.0
 40
3.0
 40
3.0
 40
4.0
 40
4.0
 40
4.0
 40
4.0
 10
430.8543642450425
 20
937.3675039703022
 10
432.2351154518371
 20
937.3675039703022
 10
433.3544700386883
 20
936.2481063197574
 10
433.3544700386883
 20
934.8673120492693
 10
433.3544700386883
 20
933.4869484157168
 10
432.2351154518371
 20
932.367550765172
 10
430.8543642450425
 20
932.367550765172
 10
429.4735699745544
 20
932.367550765172
 10
428.3545598972516
 20
933.4869484157168
 10
428.3545598972516
 20
934.8673120492693
 10
428.3545598972516
 20
936.2481063197574
 10
429.4735699745544
 20
937.3675039703022
 10
430.8543642450425
 20
937.3675039703022
 97
        0
 92
        1
 93
        1
 72
     4
 94
        3
 73
     0
 74
     1
 95
       17
 96
       13
 40
0.0
 40
0.0
 40
0.0
 40
0.0
 40
1.0
 40
1.0
 40
1.0
 40
2.0
 40
2.0
 40
2.0
 40
3.0
 40
3.0
 40
3.0
 40
4.0
 40
4.0
 40
4.0
 40
4.0
 10
428.9050861557946
 20
967.5225108800812
 10
428.9050861557946
 20
969.1791711715507
 10
430.2484580765742
 20
970.5225861560239
 10
431.9051183680437
 20
970.5225861560239
 10
433.5620801053682
 20
970.5225861560239
 10
434.9051075165993
 20
969.1791711715507
 10
434.9051075165993
 20
967.5225108800812
 10
434.9051075165993
 20
965.8655060790632
 10
433.5620801053682
 20
964.5225217315257
 10
431.9051183680437
 20
964.5225217315257
 10
430.2484580765742
 20
964.5225217315257
 10
428.9050861557946
 20
965.8655060790632
 10
428.9050861557946
 20
967.5225108800812
 97
        0
 92
        1
 93
        1
 72
     4
 94
        3
 73
     0
 74
     1
 95
       17
 96
       13
 40
0.0
 40
0.0
 40
0.0
 40
0.0
 40
1.0
 40
1.0
 40
1.0
 40
2.0
 40
2.0
 40
2.0
 40
3.0
 40
3.0
 40
3.0
 40
4.0
 40
4.0
 40
4.0
 40
4.0
 10
439.8742701808301
 20
994.1083127397542
 10
439.8742701808301
 20
995.4891070102424
 10
440.9936247676813
 20
996.6085046607872
 10
442.3744190381694
 20
996.6085046607872
 10
443.755170244964
 20
996.6085046607872
 10
444.8745248318152
 20
995.4891070102424
 10
444.8745248318152
 20
994.1083127397542
 10
444.8745248318152
 20
992.7279491062018
 10
443.755170244964
 20
991.6085514556569
 10
442.3744190381694
 20
991.6085514556569
 10
440.9936247676813
 20
991.6085514556569
 10
439.8742701808301
 20
992.7279491062018
 10
439.8742701808301
 20
994.1083127397542
 97
        0
 92
        1
 93
        1
 72
     4
 94
        3
 73
     0
 74
     1
 95
       17
 96
       13
 40
0.0
 40
0.0
 40
0.0
 40
0.0
 40
1.0
 40
1.0
 40
1.0
 40
2.0
 40
2.0
 40
2.0
 40
3.0
 40
3.0
 40
3.0
 40
4.0
 40
4.0
 40
4.0
 40
4.0
 10
530.221899281507
 20
892.6753998961889
 10
530.221899281507
 20
894.0558496571284
 10
531.3409093588098
 20
895.1752473076732
 10
532.7217036292978
 20
895.1752473076732
 10
534.1024548360924
 20
895.1752473076732
 10
535.2218094229437
 20
894.0558496571284
 10
535.2218094229437
 20
892.6753998961889
 10
535.2218094229437
 20
891.2946917530878
 10
534.1024548360924
 20
890.175294102543
 10
532.7217036292978
 20
890.175294102543
 10
531.3409093588098
 20
890.175294102543
 10
530.221899281507
 20
891.2946917530878
 10
530.221899281507
 20
892.6753998961889
 97
        0
 92
        1
 93
        1
 72
     4
 94
        3
 73
     0
 74
     1
 95
       17
 96
       13
 40
0.0
 40
0.0
 40
0.0
 40
0.0
 40
1.0
 40
1.0
 40
1.0
 40
2.0
 40
2.0
 40
2.0
 40
3.0
 40
3.0
 40
3.0
 40
4.0
 40
4.0
 40
4.0
 40
4.0
 10
551.987668047767
 20
916.3593978286359
 10
551.987668047767
 20
918.0160581201054
 10
553.3310399685466
 20
919.3594731045786
 10
554.9877002600161
 20
919.3594731045786
 10
556.6446619973406
 20
919.3594731045786
 10
557.9876894085717
 20
918.0160581201054
 10
557.9876894085717
 20
916.3593978286359
 10
557.9876894085717
 20
914.7023930276179
 10
556.6446619973406
 20
913.3594086800804
 10
554.9877002600161
 20
913.3594086800804
 10
553.3310399685466
 20
913.3594086800804
 10
551.987668047767
 20
914.7023930276179
 10
551.987668047767
 20
916.3593978286359
 97
        0
 92
        1
 93
        1
 72
     4
 94
        3
 73
     0
 74
     1
 95
       17
 96
       13
 40
0.0
 40
0.0
 40
0.0
 40
0.0
 40
1.0
 40
1.0
 40
1.0
 40
2.0
 40
2.0
 40
2.0
 40
3.0
 40
3.0
 40
3.0
 40
4.0
 40
4.0
 40
4.0
 40
4.0
 10
563.9648870117866
 20
942.7067990807296
 10
563.9648870117866
 20
944.0875933512177
 10
565.0842415986378
 20
945.2069910017625
 10
566.4650358691259
 20
945.2069910017625
 10
567.845442566372
 20
945.2069910017625
 10
568.9647971532232
 20
944.0875933512177
 10
568.9647971532232
 20
942.7067990807296
 10
568.9647971532232
 20
941.3264354471771
 10
567.845442566372
 20
940.2070377966323
 10
566.4650358691259
 20
940.2070377966323
 10
565.0842415986378
 20
940.2070377966323
 10
563.9648870117866
 20
941.3264354471771
 10
563.9648870117866
 20
942.7067990807296
 97
        0
 92
        1
 93
        1
 72
     4
 94
        3
 73
     0
 74
     1
 95
       17
 96
       13
 40
0.0
 40
0.0
 40
0.0
 40
0.0
 40
1.0
 40
1.0
 40
1.0
 40
2.0
 40
2.0
 40
2.0
 40
3.0
 40
3.0
 40
3.0
 40
4.0
 40
4.0
 40
4.0
 40
4.0
 10
581.2072884696071
 20
914.5799198831172
 10
582.5743023581542
 20
915.9469337716644
 10
584.7904461564283
 20
915.9469337716644
 10
586.1570724717333
 20
914.5799198831172
 10
587.523741850732
 20
913.2129059945701
 10
587.523741850732
 20
910.9971067058445
 10
586.1570724717333
 20
909.6300928172974
 10
584.7904461564283
 20
908.2634234382988
 10
582.5743023581542
 20
908.2634234382988
 10
581.2072884696071
 20
909.6300928172974
 10
579.8406190906085
 20
910.9971067058445
 10
579.8406190906085
 20
913.2129059945701
 10
581.2072884696071
 20
914.5799198831172
 97
        0
 92
        1
 93
        1
 72
     4
 94
        3
 73
     0
 74
     1
 95
       17
 96
       13
 40
0.0
 40
0.0
 40
0.0
 40
0.0
 40
1.0
 40
1.0
 40
1.0
 40
2.0
 40
2.0
 40
2.0
 40
3.0
 40
3.0
 40
3.0
 40
4.0
 40
4.0
 40
4.0
 40
4.0
 10
631.2665929275784
 20
843.3079567390429
 10
632.9232101553542
 20
843.3079567390429
 10
634.2665820761339
 20
841.9648862641181
 10
634.2665820761339
 20
840.3078814631001
 10
634.2665820761339
 20
838.6512211716306
 10
632.9232101553542
 20
837.3078923145446
 10
631.2665929275784
 20
837.3078923145446
 10
629.6099326361089
 20
837.3078923145446
 10
628.2665607153292
 20
838.6512211716306
 10
628.2665607153292
 20
840.3078814631001
 10
628.2665607153292
 20
841.9648862641181
 10
629.6099326361089
 20
843.3079567390429
 10
631.2665929275784
 20
843.3079567390429
 97
        0
 92
        1
 93
        1
 72
     4
 94
        3
 73
     0
 74
     1
 95
       17
 96
       13
 40
0.0
 40
0.0
 40
0.0
 40
0.0
 40
1.0
 40
1.0
 40
1.0
 40
2.0
 40
2.0
 40
2.0
 40
3.0
 40
3.0
 40
3.0
 40
4.0
 40
4.0
 40
4.0
 40
4.0
 10
623.6556879815644
 20
867.18169330534
 10
622.2890186025658
 20
868.5487071938871
 10
622.2890186025658
 20
870.7645064826128
 10
623.6556879815644
 20
872.1315203711599
 10
625.0227018701115
 20
873.498534259707
 10
627.2384580951435
 20
873.498534259707
 10
628.6054719836907
 20
872.1315203711599
 10
629.9721413626893
 20
870.7645064826128
 10
629.9721413626893
 20
868.5487071938871
 10
628.6054719836907
 20
867.18169330534
 10
627.2384580951435
 20
865.8150239263414
 10
625.0227018701115
 20
865.8150239263414
 10
623.6556879815644
 20
867.18169330534
 97
        0
 92
        1
 93
        1
 72
     4
 94
        3
 73
     0
 74
     1
 95
       29
 96
       25
 40
0.0
 40
0.0
 40
0.0
 40
0.0
 40
1.0
 40
1.0
 40
1.0
 40
2.0
 40
2.0
 40
2.0
 40
3.0
 40
3.0
 40
3.0
 40
4.0
 40
4.0
 40
4.0
 40
5.0
 40
5.0
 40
5.0
 40
6.0
 40
6.0
 40
6.0
 40
7.0
 40
7.0
 40
7.0
 40
8.0
 40
8.0
 40
8.0
 40
8.0
 10
631.4739876757903
 20
895.5477482570159
 10
631.4739876757903
 20
895.5477482570159
 10
625.8172270163973
 20
889.8909875976228
 10
625.8172270163973
 20
889.8909875976228
 10
623.4737008125561
 20
887.5478059033301
 10
619.6750093394389
 20
887.5478059033301
 10
617.3318707088398
 20
889.8909875976228
 10
617.3318707088398
 20
889.8909875976228
 10
604.6039654385843
 20
902.6188067404912
 10
604.6039654385843
 20
902.6188067404912
 10
602.2604822984366
 20
904.9619884347838
 10
602.2604822984366
 20
908.7610674811431
 10
604.6039654385843
 20
911.1041630480487
 10
604.6039654385843
 20
911.1041630480487
 10
610.260769161671
 20
916.7610098348289
 10
610.260769161671
 20
916.7610098348289
 10
612.6039077922701
 20
919.1041054017344
 10
616.4026423290808
 20
919.1041054017344
 10
618.7461254692284
 20
916.7610098348289
 10
618.7461254692284
 20
916.7610098348289
 10
631.4739876757903
 20
904.0331045645734
 10
631.4739876757903
 20
904.0331045645734
 10
633.8167817968409
 20
901.6899228702807
 10
633.8167817968409
 20
897.8908438239214
 10
631.4739876757903
 20
895.5477482570159
 97
        0
 92
        1
 93
        1
 72
     4
 94
        3
 73
     0
 74
     1
 95
       17
 96
       13
 40
0.0
 40
0.0
 40
0.0
 40
0.0
 40
1.0
 40
1.0
 40
1.0
 40
2.0
 40
2.0
 40
2.0
 40
3.0
 40
3.0
 40
3.0
 40
4.0
 40
4.0
 40
4.0
 40
4.0
 10
609.9066564094808
 20
817.9583412668646
 10
609.9066564094808
 20
816.5776331237636
 10
608.7873018226296
 20
815.4582354732188
 10
607.406550615835
 20
815.4582354732188
 10
606.0257563453468
 20
815.4582354732188
 10
604.9064017584957
 20
816.5776331237636
 10
604.9064017584957
 20
817.9583412668646
 10
604.9064017584957
 20
819.3387910278042
 10
606.0257563453468
 20
820.4581886783491
 10
607.406550615835
 20
820.4581886783491
 10
608.7873018226296
 20
820.4581886783491
 10
609.9066564094808
 20
819.3387910278042
 10
609.9066564094808
 20
817.9583412668646
 97
        0
 92
        1
 93
        1
 72
     4
 94
        3
 73
     0
 74
     1
 95
       29
 96
       25
 40
0.0
 40
0.0
 40
0.0
 40
0.0
 40
1.0
 40
1.0
 40
1.0
 40
2.0
 40
2.0
 40
2.0
 40
3.0
 40
3.0
 40
3.0
 40
4.0
 40
4.0
 40
4.0
 40
5.0
 40
5.0
 40
5.0
 40
6.0
 40
6.0
 40
6.0
 40
7.0
 40
7.0
 40
7.0
 40
8.0
 40
8.0
 40
8.0
 40
8.0
 10
642.7274351420525
 20
1125.886746273433
 10
642.7274351420525
 20
1122.573167308332
 10
640.0410358100419
 20
1119.886767976322
 10
636.7274137812478
 20
1119.886767976322
 10
636.7274137812478
 20
1119.886767976322
 10
119.3255330105332
 20
1119.886767976322
 10
119.3255330105332
 20
1119.886767976322
 10
116.0119109817392
 20
1119.886767976322
 10
113.325468586035
 20
1122.573167308332
 10
113.325468586035
 20
1125.886746273433
 10
113.325468586035
 20
1125.886746273433
 10
113.325468586035
 20
1333.957938984002
 10
113.325468586035
 20
1333.957938984002
 10
113.325468586035
 20
1337.271604076489
 10
116.0119109817392
 20
1339.9580034085
 10
119.3255330105332
 20
1339.9580034085
 10
119.3255330105332
 20
1339.9580034085
 10
636.7274137812478
 20
1339.9580034085
 10
636.7274137812478
 20
1339.9580034085
 10
640.0410358100419
 20
1339.9580034085
 10
642.7274351420525
 20
1337.271604076489
 10
642.7274351420525
 20
1333.957938984002
 10
642.7274351420525
 20
1333.957938984002
 10
642.7274351420525
 20
1125.886746273433
 10
642.7274351420525
 20
1125.886746273433
 97
        0
 92
        1
 93
        1
 72
     4
 94
        3
 73
     0
 74
     1
 95
       17
 96
       13
 40
0.0
 40
0.0
 40
0.0
 40
0.0
 40
1.0
 40
1.0
 40
1.0
 40
2.0
 40
2.0
 40
2.0
 40
3.0
 40
3.0
 40
3.0
 40
4.0
 40
4.0
 40
4.0
 40
4.0
 10
649.6213295901989
 20
608.6672402449686
 10
648.2405353197107
 20
608.6672402449686
 10
647.1211807328594
 20
609.7865948318199
 10
647.1211807328594
 20
611.167389102308
 10
647.1211807328594
 20
612.5481403091026
 10
648.2405353197107
 20
613.6674948959538
 10
649.6213295901989
 20
613.6674948959538
 10
651.0020807969935
 20
613.6674948959538
 10
652.1214784475383
 20
612.5481403091026
 10
652.1214784475383
 20
611.167389102308
 10
652.1214784475383
 20
609.7865948318199
 10
651.0020807969935
 20
608.6672402449686
 10
649.6213295901989
 20
608.6672402449686
 97
        0
 92
        1
 93
        1
 72
     4
 94
        3
 73
     0
 74
     1
 95
       17
 96
       13
 40
0.0
 40
0.0
 40
0.0
 40
0.0
 40
1.0
 40
1.0
 40
1.0
 40
2.0
 40
2.0
 40
2.0
 40
3.0
 40
3.0
 40
3.0
 40
4.0
 40
4.0
 40
4.0
 40
4.0
 10
649.6303299021541
 20
713.581034503137
 10
648.2495356316659
 20
713.581034503137
 10
647.1301810448147
 20
714.7004321536817
 10
647.1301810448147
 20
716.0811833604763
 10
647.1301810448147
 20
717.4619345672709
 10
648.2495356316659
 20
718.5809877082671
 10
649.6303299021541
 20
718.5809877082671
 10
651.0107365994002
 20
718.5809877082671
 10
652.1300911862513
 20
717.4619345672709
 10
652.1300911862513
 20
716.0811833604763
 10
652.1300911862513
 20
714.7004321536817
 10
651.0107365994002
 20
713.581034503137
 10
649.6303299021541
 20
713.581034503137
 97
        0
 92
        1
 93
        1
 72
     4
 94
        3
 73
     0
 74
     1
 95
       17
 96
       13
 40
0.0
 40
0.0
 40
0.0
 40
0.0
 40
1.0
 40
1.0
 40
1.0
 40
2.0
 40
2.0
 40
2.0
 40
3.0
 40
3.0
 40
3.0
 40
4.0
 40
4.0
 40
4.0
 40
4.0
 10
657.4399737939734
 20
473.033486481134
 10
656.0591795234852
 20
473.033486481134
 10
654.939824936634
 20
474.1528410679853
 10
654.939824936634
 20
475.5336353384734
 10
654.939824936634
 20
476.9140420357194
 10
656.0591795234852
 20
478.0333966225706
 10
657.4399737939734
 20
478.0333966225706
 10
658.820725000768
 20
478.0333966225706
 10
659.9401226513128
 20
476.9140420357194
 10
659.9401226513128
 20
475.5336353384734
 10
659.9401226513128
 20
474.1528410679853
 10
658.820725000768
 20
473.033486481134
 10
657.4399737939734
 20
473.033486481134
 97
        0
 92
        1
 93
        1
 72
     4
 94
        3
 73
     0
 74
     1
 95
       17
 96
       13
 40
0.0
 40
0.0
 40
0.0
 40
0.0
 40
1.0
 40
1.0
 40
1.0
 40
2.0
 40
2.0
 40
2.0
 40
3.0
 40
3.0
 40
3.0
 40
4.0
 40
4.0
 40
4.0
 40
4.0
 10
657.4627544878696
 20
849.2129365281482
 10
656.0819602173815
 20
849.2129365281482
 10
654.9626056305302
 20
850.332334178693
 10
654.9626056305302
 20
851.7126978122454
 10
654.9626056305302
 20
853.0934920827336
 10
656.0819602173815
 20
854.2128897332784
 10
657.4627544878696
 20
854.2128897332784
 10
658.8431611851156
 20
854.2128897332784
 10
659.9625157719669
 20
853.0934920827336
 10
659.9625157719669
 20
851.7126978122454
 10
659.9625157719669
 20
850.332334178693
 10
658.8431611851156
 20
849.2129365281482
 10
657.4627544878696
 20
849.2129365281482
 97
        0
 92
        1
 93
        1
 72
     4
 94
        3
 73
     0
 74
     1
 95
       17
 96
       13
 40
0.0
 40
0.0
 40
0.0
 40
0.0
 40
1.0
 40
1.0
 40
1.0
 40
2.0
 40
2.0
 40
2.0
 40
3.0
 40
3.0
 40
3.0
 40
4.0
 40
4.0
 40
4.0
 40
4.0
 10
682.2763561662365
 20
607.1166027670577
 10
680.619695874767
 20
607.1166027670577
 10
679.2763239539873
 20
608.4599746878373
 10
679.2763239539873
 20
610.1166349793068
 10
679.2763239539873
 20
611.7732522070828
 10
680.619695874767
 20
613.1166241278623
 10
682.2763561662365
 20
613.1166241278623
 10
683.9329733940125
 20
613.1166241278623
 10
685.2763883784856
 20
611.7732522070828
 10
685.2763883784856
 20
610.1166349793068
 10
685.2763883784856
 20
608.4599746878373
 10
683.9329733940125
 20
607.1166027670577
 10
682.2763561662365
 20
607.1166027670577
 97
        0
 92
        1
 93
        1
 72
     4
 94
        3
 73
     0
 74
     1
 95
       17
 96
       13
 40
0.0
 40
0.0
 40
0.0
 40
0.0
 40
1.0
 40
1.0
 40
1.0
 40
2.0
 40
2.0
 40
2.0
 40
3.0
 40
3.0
 40
3.0
 40
4.0
 40
4.0
 40
4.0
 40
4.0
 10
684.4065017684601
 20
715.008725135918
 10
683.2349109213137
 20
713.8367897792232
 10
681.3355436529083
 20
713.8367897792232
 10
680.1639958694556
 20
715.008725135918
 10
678.9920605127606
 20
716.1799284098222
 10
678.9920605127606
 20
718.0796401877761
 10
680.1639958694556
 20
719.2512310349225
 10
681.3355436529083
 20
720.4227788183753
 10
683.2349109213137
 20
720.4227788183753
 10
684.4065017684601
 20
719.2512310349225
 10
685.5780495519128
 20
718.0796401877761
 10
685.5780495519128
 20
716.1799284098222
 10
684.4065017684601
 20
715.008725135918
 97
        0
 92
        1
 93
        1
 72
     4
 94
        3
 73
     0
 74
     1
 95
       17
 96
       13
 40
0.0
 40
0.0
 40
0.0
 40
0.0
 40
1.0
 40
1.0
 40
1.0
 40
2.0
 40
2.0
 40
2.0
 40
3.0
 40
3.0
 40
3.0
 40
4.0
 40
4.0
 40
4.0
 40
4.0
 10
708.8621580259095
 20
597.1475299613902
 10
707.4813637554214
 20
597.1475299613902
 10
706.3623536781187
 20
598.2668845482415
 10
706.3623536781187
 20
599.647334309181
 10
706.3623536781187
 20
601.0280855159756
 10
707.4813637554214
 20
602.1474401028269
 10
708.8621580259095
 20
602.1474401028269
 10
710.242909232704
 20
602.1474401028269
 10
711.3623068832488
 20
601.0280855159756
 10
711.3623068832488
 20
599.647334309181
 10
711.3623068832488
 20
598.2668845482415
 10
710.242909232704
 20
597.1475299613902
 10
708.8621580259095
 20
597.1475299613902
 97
        0
 92
        1
 93
        1
 72
     4
 94
        3
 73
     0
 74
     1
 95
       29
 96
       25
 40
0.0
 40
0.0
 40
0.0
 40
0.0
 40
1.0
 40
1.0
 40
1.0
 40
2.0
 40
2.0
 40
2.0
 40
3.0
 40
3.0
 40
3.0
 40
4.0
 40
4.0
 40
4.0
 40
5.0
 40
5.0
 40
5.0
 40
6.0
 40
6.0
 40
6.0
 40
7.0
 40
7.0
 40
7.0
 40
8.0
 40
8.0
 40
8.0
 40
8.0
 10
722.8346901675986
 20
654.9993389611417
 10
722.8346901675986
 20
651.6853293591056
 10
720.1482477718944
 20
648.9992745366434
 10
716.8346257431004
 20
648.9992745366434
 10
716.8346257431004
 20
648.9992745366434
 10
708.8346833894146
 20
648.9992745366434
 10
708.8346833894146
 20
648.9992745366434
 10
705.5206737873785
 20
648.9992745366434
 10
702.83466202861
 20
651.6853293591056
 10
702.83466202861
 20
654.9993389611417
 10
702.83466202861
 20
654.9993389611417
 10
702.83466202861
 20
672.9991015977008
 10
702.83466202861
 20
672.9991015977008
 10
702.83466202861
 20
676.3131111997369
 10
705.5206737873785
 20
678.9991229585055
 10
708.8346833894146
 20
678.9991229585055
 10
708.8346833894146
 20
678.9991229585055
 10
716.8346257431004
 20
678.9991229585055
 10
716.8346257431004
 20
678.9991229585055
 10
720.1482477718944
 20
678.9991229585055
 10
722.8346901675986
 20
676.3131111997369
 10
722.8346901675986
 20
672.9991015977008
 10
722.8346901675986
 20
672.9991015977008
 10
722.8346901675986
 20
654.9993389611417
 10
722.8346901675986
 20
654.9993389611417
 97
        0
 92
        1
 93
        1
 72
     4
 94
        3
 73
     0
 74
     1
 95
       17
 96
       13
 40
0.0
 40
0.0
 40
0.0
 40
0.0
 40
1.0
 40
1.0
 40
1.0
 40
2.0
 40
2.0
 40
2.0
 40
3.0
 40
3.0
 40
3.0
 40
4.0
 40
4.0
 40
4.0
 40
4.0
 10
775.9954418361662
 20
287.2786964546018
 10
774.3392983090193
 20
287.2786964546018
 10
772.9968307258047
 20
288.6212286333568
 10
772.9968307258047
 20
290.2773075649632
 10
772.9968307258047
 20
291.9334080284164
 10
774.3392983090193
 20
293.2759186753247
 10
775.9954418361662
 20
293.2759186753247
 10
777.6514992359257
 20
293.2759186753247
 10
778.9940529465275
 20
291.9334080284164
 10
778.9940529465275
 20
290.2773075649632
 10
778.9940529465275
 20
288.6212286333568
 10
777.6514992359257
 20
287.2786964546018
 10
775.9954418361662
 20
287.2786964546018
 97
        0
 92
        1
 93
        1
 72
     4
 94
        3
 73
     0
 74
     1
 95
       17
 96
       13
 40
0.0
 40
0.0
 40
0.0
 40
0.0
 40
1.0
 40
1.0
 40
1.0
 40
2.0
 40
2.0
 40
2.0
 40
3.0
 40
3.0
 40
3.0
 40
4.0
 40
4.0
 40
4.0
 40
4.0
 10
775.9954418361662
 20
584.052980404117
 10
774.3392983090193
 20
584.052980404117
 10
772.9968307258047
 20
585.3955341147189
 10
772.9968307258047
 20
587.0515915144784
 10
772.9968307258047
 20
588.7077350416251
 10
774.3392983090193
 20
590.0502026248399
 10
775.9954418361662
 20
590.0502026248399
 10
777.6514992359257
 20
590.0502026248399
 10
778.9940529465275
 20
588.7077350416251
 10
778.9940529465275
 20
587.0515915144784
 10
778.9940529465275
 20
585.3955341147189
 10
777.6514992359257
 20
584.052980404117
 10
775.9954418361662
 20
584.052980404117
 97
        0
 92
        1
 93
        1
 72
     4
 94
        3
 73
     0
 74
     1
 95
       17
 96
       13
 40
0.0
 40
0.0
 40
0.0
 40
0.0
 40
1.0
 40
1.0
 40
1.0
 40
2.0
 40
2.0
 40
2.0
 40
3.0
 40
3.0
 40
3.0
 40
4.0
 40
4.0
 40
4.0
 40
4.0
 10
775.9954418361662
 20
880.7097220020448
 10
774.3392983090193
 20
880.7097220020448
 10
772.9968307258047
 20
882.0522757126467
 10
772.9968307258047
 20
883.7083331124063
 10
772.9968307258047
 20
885.3643905121659
 10
774.3392983090193
 20
886.7069442227678
 10
775.9954418361662
 20
886.7069442227678
 10
777.6514992359257
 20
886.7069442227678
 10
778.9940529465275
 20
885.3643905121659
 10
778.9940529465275
 20
883.7083331124063
 10
778.9940529465275
 20
882.0522757126467
 10
777.6514992359257
 20
880.7097220020448
 10
775.9954418361662
 20
880.7097220020448
 97
        0
 92
        1
 93
        1
 72
     4
 94
        3
 73
     0
 74
     1
 95
       17
 96
       13
 40
0.0
 40
0.0
 40
0.0
 40
0.0
 40
1.0
 40
1.0
 40
1.0
 40
2.0
 40
2.0
 40
2.0
 40
3.0
 40
3.0
 40
3.0
 40
4.0
 40
4.0
 40
4.0
 40
4.0
 10
775.9954418361662
 20
1177.366463599973
 10
774.3392983090193
 20
1177.366463599973
 10
772.9968307258047
 20
1178.708931183187
 10
772.9968307258047
 20
1180.365074710334
 10
772.9968307258047
 20
1182.021132110094
 10
774.3392983090193
 20
1183.363685820696
 10
775.9954418361662
 20
1183.363685820696
 10
777.6514992359257
 20
1183.363685820696
 10
778.9940529465275
 20
1182.021132110094
 10
778.9940529465275
 20
1180.365074710334
 10
778.9940529465275
 20
1178.708931183187
 10
777.6514992359257
 20
1177.366463599973
 10
775.9954418361662
 20
1177.366463599973
 97
        0
 92
        1
 93
        1
 72
     4
 94
        3
 73
     0
 74
     1
 95
       17
 96
       13
 40
0.0
 40
0.0
 40
0.0
 40
0.0
 40
1.0
 40
1.0
 40
1.0
 40
2.0
 40
2.0
 40
2.0
 40
3.0
 40
3.0
 40
3.0
 40
4.0
 40
4.0
 40
4.0
 40
4.0
 10
775.9954418361662
 20
1347.464091324375
 10
774.3392983090193
 20
1347.464091324375
 10
772.9968307258047
 20
1348.806645034977
 10
772.9968307258047
 20
1350.462702434737
 10
772.9968307258047
 20
1352.118845961884
 10
774.3392983090193
 20
1353.461313545098
 10
775.9954418361662
 20
1353.461313545098
 10
777.6514992359257
 20
1353.461313545098
 10
778.9940529465275
 20
1352.118845961884
 10
778.9940529465275
 20
1350.462702434737
 10
778.9940529465275
 20
1348.806645034977
 10
777.6514992359257
 20
1347.464091324375
 10
775.9954418361662
 20
1347.464091324375
 97
        0
 75
     2
 76
     1
 98
        0
  0
ENDSEC
  0
SECTION
  2
OBJECTS
  0
DICTIONARY
  5
C
330
0
100
AcDbDictionary
281
     1
  3
ACAD_GROUP
350
D
  3
ACAD_LAYOUT
350
1A
  3
ACAD_MATERIAL
350
3B
  3
ACAD_MLEADERSTYLE
350
B2
  3
ACAD_MLINESTYLE
350
17
  3
ACAD_PLOTSETTINGS
350
19
  3
ACAD_PLOTSTYLENAME
350
E
  3
ACAD_TABLESTYLE
350
B1
  3
ACAD_VISUALSTYLE
350
2A
  0
SUN
  5
3F
330
29
100
AcDbSun
 90
        1
290
     0
 63
     7
421
 16777215
 40
1.0
291
     1
 91
  2455826
 92
 54000000
292
     0
 70
     2
 71
   256
280
     1
  0
DICTIONARY
  5
D
102
{ACAD_REACTORS
330
C
102
}
330
C
100
AcDbDictionary
281
     1
  0
DICTIONARY
  5
1A
102
{ACAD_REACTORS
330
C
102
}
330
C
100
AcDbDictionary
281
     1
  3
Layout1
350
1E
  3
Layout2
350
26
  3
Model
350
22
  0
DICTIONARY
  5
3B
102
{ACAD_REACTORS
330
C
102
}
330
C
100
AcDbDictionary
281
     1
  3
ByBlock
350
3D
  3
ByLayer
350
3C
  3
Global
350
3E
  0
DICTIONARY
  5
B2
102
{ACAD_REACTORS
330
C
102
}
330
C
100
AcDbDictionary
281
     1
  0
DICTIONARY
  5
17
102
{ACAD_REACTORS
330
C
102
}
330
C
100
AcDbDictionary
281
     1
  3
Standard
350
18
  0
DICTIONARY
  5
19
102
{ACAD_REACTORS
330
C
102
}
330
C
100
AcDbDictionary
281
     1
  0
ACDBDICTIONARYWDFLT
  5
E
102
{ACAD_REACTORS
330
C
102
}
330
C
100
AcDbDictionary
281
     1
  3
Normal
350
F
100
AcDbDictionaryWithDefault
340
F
  0
DICTIONARY
  5
B1
102
{ACAD_REACTORS
330
C
102
}
330
C
100
AcDbDictionary
281
     1
  0
DICTIONARY
  5
2A
102
{ACAD_REACTORS
330
C
102
}
330
C
100
AcDbDictionary
281
     1
  3
2dWireframe
350
2F
  3
3D Hidden
350
31
  3
3dWireframe
350
30
  3
Basic
350
32
  3
Brighten
350
36
  3
ColorChange
350
3A
  3
Conceptual
350
34
  3
Dim
350
35
  3
Facepattern
350
39
  3
Flat
350
2B
  3
FlatWithEdges
350
2C
  3
Gouraud
350
2D
  3
GouraudWithEdges
350
2E
  3
Linepattern
350
38
  3
Realistic
350
33
  3
Thicken
350
37
  0
LAYOUT
  5
1E
102
{ACAD_REACTORS
330
1A
102
}
330
1A
100
AcDbPlotSettings
  1

  2
none_device
  4

  6

 40
0.0
 41
0.0
 42
0.0
 43
0.0
 44
0.0
 45
0.0
 46
0.0
 47
0.0
 48
0.0
 49
0.0
140
0.0
141
0.0
142
1.0
143
1.0
 70
   688
 72
     0
 73
     0
 74
     5
  7

 75
    16
 76
     0
 77
     2
 78
   300
147
1.0
148
0.0
149
0.0
100
AcDbLayout
  1
Layout1
 70
     1
 71
     1
 10
0.0
 20
0.0
 11
12.0
 21
9.0
 12
0.0
 22
0.0
 32
0.0
 14
1.000000000000000E+20
 24
1.000000000000000E+20
 34
1.000000000000000E+20
 15
-1.000000000000000E+20
 25
-1.000000000000000E+20
 35
-1.000000000000000E+20
146
0.0
 13
0.0
 23
0.0
 33
0.0
 16
1.0
 26
0.0
 36
0.0
 17
0.0
 27
1.0
 37
0.0
 76
     0
330
1B
  0
LAYOUT
  5
26
102
{ACAD_REACTORS
330
1A
102
}
330
1A
100
AcDbPlotSettings
  1

  2
none_device
  4

  6

 40
0.0
 41
0.0
 42
0.0
 43
0.0
 44
0.0
 45
0.0
 46
0.0
 47
0.0
 48
0.0
 49
0.0
140
0.0
141
0.0
142
1.0
143
1.0
 70
   688
 72
     0
 73
     0
 74
     5
  7

 75
    16
 76
     0
 77
     2
 78
   300
147
1.0
148
0.0
149
0.0
100
AcDbLayout
  1
Layout2
 70
     1
 71
     2
 10
0.0
 20
0.0
 11
0.0
 21
0.0
 12
0.0
 22
0.0
 32
0.0
 14
0.0
 24
0.0
 34
0.0
 15
0.0
 25
0.0
 35
0.0
146
0.0
 13
0.0
 23
0.0
 33
0.0
 16
1.0
 26
0.0
 36
0.0
 17
0.0
 27
1.0
 37
0.0
 76
     0
330
23
  0
LAYOUT
  5
22
102
{ACAD_REACTORS
330
1A
102
}
330
1A
100
AcDbPlotSettings
  1

  2
none_device
  4

  6

 40
0.0
 41
0.0
 42
0.0
 43
0.0
 44
0.0
 45
0.0
 46
0.0
 47
0.0
 48
0.0
 49
0.0
140
0.0
141
0.0
142
1.0
143
1.0
 70
  1712
 72
     0
 73
     0
 74
     0
  7

 75
     0
 76
     0
 77
     2
 78
   300
147
1.0
148
0.0
149
0.0
100
AcDbLayout
  1
Model
 70
     1
 71
     0
 10
0.0
 20
0.0
 11
12.0
 21
9.0
 12
0.0
 22
0.0
 32
0.0
 14
1.000000000000000E+20
 24
1.000000000000000E+20
 34
1.000000000000000E+20
 15
-1.000000000000000E+20
 25
-1.000000000000000E+20
 35
-1.000000000000000E+20
146
0.0
 13
0.0
 23
0.0
 33
0.0
 16
1.0
 26
0.0
 36
0.0
 17
0.0
 27
1.0
 37
0.0
 76
     0
330
1F
331
29
  0
MATERIAL
  5
3D
102
{ACAD_REACTORS
330
3B
102
}
330
3B
100
AcDbMaterial
  1
ByBlock
 72
     1
 94
      127
  0
MATERIAL
  5
3C
102
{ACAD_REACTORS
330
3B
102
}
330
3B
100
AcDbMaterial
  1
ByLayer
 72
     1
 94
      127
  0
MATERIAL
  5
3E
102
{ACAD_REACTORS
330
3B
102
}
330
3B
100
AcDbMaterial
  1
Global
 72
     1
 94
      127
  0
MLINESTYLE
  5
18
102
{ACAD_REACTORS
330
17
102
}
330
17
100
AcDbMlineStyle
  2
Standard
 70
     0
  3

 62
   256
 51
90.0
 52
90.0
 71
     2
 49
0.5
 62
   256
  6
BYLAYER
 49
-0.5
 62
   256
  6
BYLAYER
  0
ACDBPLACEHOLDER
  5
F
102
{ACAD_REACTORS
330
E
102
}
330
E
  0
VISUALSTYLE
  5
2F
102
{ACAD_REACTORS
330
2A
102
}
102
{ACAD_XDICTIONARY
360
99
102
}
330
2A
100
AcDbVisualStyle
  2
2dWireframe
 70
     4
 71
     0
 72
     2
 73
     0
 90
        0
 40
-0.6
 41
-30.0
 62
     5
 63
     7
421
 16777215
 74
     1
 91
        4
 64
     7
 65
   257
 75
     1
175
     1
 42
1.0
 92
        0
 66
   257
 43
1.0
 76
     1
 77
     6
 78
     2
 67
     7
 79
     5
170
     0
171
     0
290
     0
174
     0
 93
        1
 44
0.0
173
     0
291
     0
 45
0.0
  0
VISUALSTYLE
  5
31
102
{ACAD_REACTORS
330
2A
102
}
102
{ACAD_XDICTIONARY
360
9D
102
}
330
2A
100
AcDbVisualStyle
  2
3D Hidden
 70
     6
 71
     1
 72
     2
 73
     2
 90
        0
 40
-0.6
 41
-30.0
 62
     5
 63
     7
421
 16777215
 74
     2
 91
        2
 64
     7
 65
   257
 75
     2
175
     1
 42
40.0
 92
        0
 66
   257
 43
1.0
 76
     1
 77
     6
 78
     2
 67
     7
 79
     3
170
     0
171
     0
290
     0
174
     0
 93
        1
 44
0.0
173
     0
291
     0
 45
0.0
  0
VISUALSTYLE
  5
30
102
{ACAD_REACTORS
330
2A
102
}
102
{ACAD_XDICTIONARY
360
9B
102
}
330
2A
100
AcDbVisualStyle
  2
3dWireframe
 70
     5
 71
     0
 72
     2
 73
     0
 90
        0
 40
-0.6
 41
-30.0
 62
     5
 63
     7
421
 16777215
 74
     1
 91
        4
 64
     7
 65
   257
 75
     1
175
     1
 42
1.0
 92
        0
 66
   257
 43
1.0
 76
     1
 77
     6
 78
     2
 67
     7
 79
     5
170
     0
171
     0
290
     0
174
     0
 93
        1
 44
0.0
173
     0
291
     0
 45
0.0
  0
VISUALSTYLE
  5
32
102
{ACAD_REACTORS
330
2A
102
}
102
{ACAD_XDICTIONARY
360
9F
102
}
330
2A
100
AcDbVisualStyle
  2
Basic
 70
     7
 71
     1
 72
     0
 73
     1
 90
        0
 40
-0.6
 41
-30.0
 62
     5
 63
     7
421
 16777215
 74
     0
 91
        4
 64
     7
 65
   257
 75
     1
175
     1
 42
1.0
 92
        8
 66
     7
 43
1.0
 76
     1
 77
     6
 78
     2
 67
     7
 79
     5
170
     0
171
     0
290
     0
174
     0
 93
        1
 44
0.0
173
     0
291
     1
 45
0.0
  0
VISUALSTYLE
  5
36
102
{ACAD_REACTORS
330
2A
102
}
102
{ACAD_XDICTIONARY
360
A7
102
}
330
2A
100
AcDbVisualStyle
  2
Brighten
 70
    12
 71
     2
 72
     2
 73
     0
 90
        0
 40
-0.6
 41
-30.0
 62
     5
 63
     7
421
 16777215
 74
     1
 91
        4
 64
     7
 65
   257
 75
     1
175
     1
 42
1.0
 92
        8
 66
     7
 43
1.0
 76
     1
 77
     6
 78
     2
 67
     7
 79
     5
170
     0
171
     0
290
     0
174
     0
 93
        1
 44
50.0
173
     0
291
     1
 45
0.0
  0
VISUALSTYLE
  5
3A
102
{ACAD_REACTORS
330
2A
102
}
102
{ACAD_XDICTIONARY
360
AF
102
}
330
2A
100
AcDbVisualStyle
  2
ColorChange
 70
    16
 71
     2
 72
     2
 73
     3
 90
        0
 40
-0.6
 41
-30.0
 62
     5
 63
     8
421
  8421504
 74
     1
 91
        4
 64
     7
 65
   257
 75
     1
175
     1
 42
1.0
 92
        8
 66
     8
424
  8421504
 43
1.0
 76
     1
 77
     6
 78
     2
 67
     7
 79
     5
170
     0
171
     0
290
     0
174
     0
 93
        1
 44
0.0
173
     0
291
     1
 45
0.0
  0
VISUALSTYLE
  5
34
102
{ACAD_REACTORS
330
2A
102
}
102
{ACAD_XDICTIONARY
360
A3
102
}
330
2A
100
AcDbVisualStyle
  2
Conceptual
 70
     9
 71
     3
 72
     2
 73
     0
 90
        0
 40
-0.6
 41
-30.0
 62
     5
 63
     7
421
 16777215
 74
     2
 91
        2
 64
     7
 65
   257
 75
     1
175
     1
 42
40.0
 92
        8
 66
     7
 43
1.0
 76
     1
 77
     6
 78
     2
 67
     7
 79
     3
170
     0
171
     0
290
     0
174
     0
 93
        1
 44
0.0
173
     0
291
     0
 45
0.0
  0
VISUALSTYLE
  5
35
102
{ACAD_REACTORS
330
2A
102
}
102
{ACAD_XDICTIONARY
360
A5
102
}
330
2A
100
AcDbVisualStyle
  2
Dim
 70
    11
 71
     2
 72
     2
 73
     0
 90
        0
 40
-0.6
 41
-30.0
 62
     5
 63
     7
421
 16777215
 74
     1
 91
        4
 64
     7
 65
   257
 75
     1
175
     1
 42
1.0
 92
        8
 66
     7
 43
1.0
 76
     1
 77
     6
 78
     2
 67
     7
 79
     5
170
     0
171
     0
290
     0
174
     0
 93
        1
 44
-50.0
173
     0
291
     1
 45
0.0
  0
VISUALSTYLE
  5
39
102
{ACAD_REACTORS
330
2A
102
}
102
{ACAD_XDICTIONARY
360
AD
102
}
330
2A
100
AcDbVisualStyle
  2
Facepattern
 70
    15
 71
     2
 72
     2
 73
     0
 90
        0
 40
-0.6
 41
-30.0
 62
     5
 63
     7
421
 16777215
 74
     1
 91
        4
 64
     7
 65
   257
 75
     1
175
     1
 42
1.0
 92
        8
 66
     7
 43
1.0
 76
     1
 77
     6
 78
     2
 67
     7
 79
     5
170
     0
171
     0
290
     0
174
     0
 93
        1
 44
0.0
173
     0
291
     1
 45
0.0
  0
VISUALSTYLE
  5
2B
102
{ACAD_REACTORS
330
2A
102
}
102
{ACAD_XDICTIONARY
360
91
102
}
330
2A
100
AcDbVisualStyle
  2
Flat
 70
     0
 71
     2
 72
     1
 73
     1
 90
        2
 40
-0.6
 41
30.0
 62
     5
 63
     7
421
 16777215
 74
     0
 91
        4
 64
     7
 65
   257
 75
     1
175
     1
 42
1.0
 92
        8
 66
     7
 43
1.0
 76
     1
 77
     6
 78
     2
 67
     7
 79
     5
170
     0
171
     0
290
     0
174
     0
 93
       13
 44
0.0
173
     0
291
     1
 45
0.0
  0
VISUALSTYLE
  5
2C
102
{ACAD_REACTORS
330
2A
102
}
102
{ACAD_XDICTIONARY
360
93
102
}
330
2A
100
AcDbVisualStyle
  2
FlatWithEdges
 70
     1
 71
     2
 72
     1
 73
     1
 90
        2
 40
-0.6
 41
30.0
 62
     5
 63
     7
421
 16777215
 74
     1
 91
        4
 64
     7
 65
   257
 75
     1
175
     1
 42
1.0
 92
        0
 66
   257
 43
1.0
 76
     1
 77
     6
 78
     2
 67
     7
 79
     5
170
     0
171
     0
290
     0
174
     0
 93
       13
 44
0.0
173
     0
291
     1
 45
0.0
  0
VISUALSTYLE
  5
2D
102
{ACAD_REACTORS
330
2A
102
}
102
{ACAD_XDICTIONARY
360
95
102
}
330
2A
100
AcDbVisualStyle
  2
Gouraud
 70
     2
 71
     2
 72
     2
 73
     1
 90
        2
 40
-0.6
 41
30.0
 62
     5
 63
     7
421
 16777215
 74
     0
 91
        4
 64
     7
 65
   257
 75
     1
175
     1
 42
1.0
 92
        0
 66
     7
 43
1.0
 76
     1
 77
     6
 78
     2
 67
     7
 79
     5
170
     0
171
     0
290
     0
174
     0
 93
       13
 44
0.0
173
     0
291
     1
 45
0.0
  0
VISUALSTYLE
  5
2E
102
{ACAD_REACTORS
330
2A
102
}
102
{ACAD_XDICTIONARY
360
97
102
}
330
2A
100
AcDbVisualStyle
  2
GouraudWithEdges
 70
     3
 71
     2
 72
     2
 73
     1
 90
        2
 40
-0.6
 41
30.0
 62
     5
 63
     7
421
 16777215
 74
     1
 91
        4
 64
     7
 65
   257
 75
     1
175
     1
 42
1.0
 92
        0
 66
   257
 43
1.0
 76
     1
 77
     6
 78
     2
 67
     7
 79
     5
170
     0
171
     0
290
     0
174
     0
 93
       13
 44
0.0
173
     0
291
     1
 45
0.0
  0
VISUALSTYLE
  5
38
102
{ACAD_REACTORS
330
2A
102
}
102
{ACAD_XDICTIONARY
360
AB
102
}
330
2A
100
AcDbVisualStyle
  2
Linepattern
 70
    14
 71
     2
 72
     2
 73
     0
 90
        0
 40
-0.6
 41
-30.0
 62
     5
 63
     7
421
 16777215
 74
     1
 91
        4
 64
     7
 65
   257
 75
     7
175
     7
 42
1.0
 92
        8
 66
     7
 43
1.0
 76
     1
 77
     6
 78
     2
 67
     7
 79
     5
170
     0
171
     0
290
     0
174
     0
 93
        1
 44
0.0
173
     0
291
     1
 45
0.0
  0
VISUALSTYLE
  5
33
102
{ACAD_REACTORS
330
2A
102
}
102
{ACAD_XDICTIONARY
360
A1
102
}
330
2A
100
AcDbVisualStyle
  2
Realistic
 70
     8
 71
     2
 72
     2
 73
     0
 90
        0
 40
-0.6
 41
-30.0
 62
     5
 63
     7
421
 16777215
 74
     1
 91
        0
 64
     7
 65
   257
 75
     1
175
     1
 42
1.0
 92
        8
 66
     8
424
  7895160
 43
1.0
 76
     1
 77
     6
 78
     2
 67
     7
 79
     5
170
     0
171
     0
290
     0
174
     0
 93
       13
 44
0.0
173
     0
291
     0
 45
0.0
  0
VISUALSTYLE
  5
37
102
{ACAD_REACTORS
330
2A
102
}
102
{ACAD_XDICTIONARY
360
A9
102
}
330
2A
100
AcDbVisualStyle
  2
Thicken
 70
    13
 71
     2
 72
     2
 73
     0
 90
        0
 40
-0.6
 41
-30.0
 62
     5
 63
     7
421
 16777215
 74
     1
 91
        4
 64
     7
 65
   257
 75
     1
175
     1
 42
1.0
 92
       12
 66
     7
 43
1.0
 76
     1
 77
     6
 78
     2
 67
     7
 79
     5
170
     0
171
     0
290
     0
174
     0
 93
        1
 44
0.0
173
     0
291
     1
 45
0.0
  0
DICTIONARY
  5
99
330
2F
100
AcDbDictionary
280
     1
281
     1
  3
ACAD_XREC_ROUNDTRIP
360
9A
  0
DICTIONARY
  5
9D
330
31
100
AcDbDictionary
280
     1
281
     1
  3
ACAD_XREC_ROUNDTRIP
360
9E
  0
DICTIONARY
  5
9B
330
30
100
AcDbDictionary
280
     1
281
     1
  3
ACAD_XREC_ROUNDTRIP
360
9C
  0
DICTIONARY
  5
9F
330
32
100
AcDbDictionary
280
     1
281
     1
  3
ACAD_XREC_ROUNDTRIP
360
A0
  0
DICTIONARY
  5
A7
330
36
100
AcDbDictionary
280
     1
281
     1
  3
ACAD_XREC_ROUNDTRIP
360
A8
  0
DICTIONARY
  5
AF
330
3A
100
AcDbDictionary
280
     1
281
     1
  3
ACAD_XREC_ROUNDTRIP
360
B0
  0
DICTIONARY
  5
A3
330
34
100
AcDbDictionary
280
     1
281
     1
  3
ACAD_XREC_ROUNDTRIP
360
A4
  0
DICTIONARY
  5
A5
330
35
100
AcDbDictionary
280
     1
281
     1
  3
ACAD_XREC_ROUNDTRIP
360
A6
  0
DICTIONARY
  5
AD
330
39
100
AcDbDictionary
280
     1
281
     1
  3
ACAD_XREC_ROUNDTRIP
360
AE
  0
DICTIONARY
  5
91
330
2B
100
AcDbDictionary
280
     1
281
     1
  3
ACAD_XREC_ROUNDTRIP
360
92
  0
DICTIONARY
  5
93
330
2C
100
AcDbDictionary
280
     1
281
     1
  3
ACAD_XREC_ROUNDTRIP
360
94
  0
DICTIONARY
  5
95
330
2D
100
AcDbDictionary
280
     1
281
     1
  3
ACAD_XREC_ROUNDTRIP
360
96
  0
DICTIONARY
  5
97
330
2E
100
AcDbDictionary
280
     1
281
     1
  3
ACAD_XREC_ROUNDTRIP
360
98
  0
DICTIONARY
  5
AB
330
38
100
AcDbDictionary
280
     1
281
     1
  3
ACAD_XREC_ROUNDTRIP
360
AC
  0
DICTIONARY
  5
A1
330
33
100
AcDbDictionary
280
     1
281
     1
  3
ACAD_XREC_ROUNDTRIP
360
A2
  0
DICTIONARY
  5
A9
330
37
100
AcDbDictionary
280
     1
281
     1
  3
ACAD_XREC_ROUNDTRIP
360
AA
  0
XRECORD
  5
9A
102
{ACAD_REACTORS
330
99
102
}
330
99
100
AcDbXrecord
280
     1
102
RTVSPropertyOp0
 70
     1
102
RTVSPropertyOp1
 70
     1
102
RTVSPropertyOp2
 70
     1
102
RTVSPropertyOp3
 70
     1
102
RTVSPropertyOp4
 70
     1
102
RTVSPropertyOp5
 70
     1
102
RTVSPropertyOp6
 70
     1
102
RTVSPropertyOp7
 70
     1
102
RTVSPropertyOp8
 70
     1
102
RTVSPropertyOp9
 70
     1
102
RTVSPropertyOp10
 70
     1
102
RTVSPropertyOp11
 70
     1
102
RTVSPropertyOp12
 70
     1
102
RTVSPropertyOp13
 70
     1
102
RTVSPropertyOp14
 70
     1
102
RTVSPropertyOp15
 70
     1
102
RTVSPropertyOp16
 70
     1
102
RTVSPropertyOp17
 70
     1
102
RTVSPropertyOp18
 70
     1
102
RTVSPropertyOp19
 70
     1
102
RTVSPropertyOp20
 70
     1
102
RTVSPropertyOp21
 70
     1
102
RTVSPropertyOp22
 70
     1
102
RTVSPropertyOp23
 70
     1
102
RTVSPropertyOp24
 70
     1
102
RTVSPropertyOp25
 70
     1
102
RTVSPropertyOp26
 70
     1
102
RTVSPropertyOp27
 70
     1
102
RTVSPropertyOp28
 70
     1
102
RTVSPropertyOp29
 70
     1
102
RTVSPropertyOp30
 70
     1
102
RTVSPropertyOp31
 70
     1
102
RTVSPropertyOp32
 70
     1
  0
XRECORD
  5
9E
102
{ACAD_REACTORS
330
9D
102
}
330
9D
100
AcDbXrecord
280
     1
102
RTVSPropertyOp0
 70
     1
102
RTVSPropertyOp1
 70
     1
102
RTVSPropertyOp2
 70
     1
102
RTVSPropertyOp3
 70
     1
102
RTVSPropertyOp4
 70
     1
102
RTVSPropertyOp5
 70
     1
102
RTVSPropertyOp6
 70
     1
102
RTVSPropertyOp7
 70
     1
102
RTVSPropertyOp8
 70
     1
102
RTVSPropertyOp9
 70
     1
102
RTVSPropertyOp10
 70
     1
102
RTVSPropertyOp11
 70
     1
102
RTVSPropertyOp12
 70
     1
102
RTVSPropertyOp13
 70
     1
102
RTVSPropertyOp14
 70
     1
102
RTVSPropertyOp15
 70
     1
102
RTVSPropertyOp16
 70
     1
102
RTVSPropertyOp17
 70
     1
102
RTVSPropertyOp18
 70
     1
102
RTVSPropertyOp19
 70
     1
102
RTVSPropertyOp20
 70
     1
102
RTVSPropertyOp21
 70
     1
102
RTVSPropertyOp22
 70
     1
102
RTVSPropertyOp23
 70
     1
102
RTVSPropertyOp24
 70
     1
102
RTVSPropertyOp25
 70
     1
102
RTVSPropertyOp26
 70
     1
102
RTVSPropertyOp27
 70
     1
102
RTVSPropertyOp28
 70
     1
102
RTVSPropertyOp29
 70
     1
102
RTVSPropertyOp30
 70
     1
102
RTVSPropertyOp31
 70
     1
102
RTVSPropertyOp32
 70
     1
  0
XRECORD
  5
9C
102
{ACAD_REACTORS
330
9B
102
}
330
9B
100
AcDbXrecord
280
     1
102
RTVSPropertyOp0
 70
     1
102
RTVSPropertyOp1
 70
     1
102
RTVSPropertyOp2
 70
     1
102
RTVSPropertyOp3
 70
     1
102
RTVSPropertyOp4
 70
     1
102
RTVSPropertyOp5
 70
     1
102
RTVSPropertyOp6
 70
     1
102
RTVSPropertyOp7
 70
     1
102
RTVSPropertyOp8
 70
     1
102
RTVSPropertyOp9
 70
     1
102
RTVSPropertyOp10
 70
     1
102
RTVSPropertyOp11
 70
     1
102
RTVSPropertyOp12
 70
     1
102
RTVSPropertyOp13
 70
     1
102
RTVSPropertyOp14
 70
     1
102
RTVSPropertyOp15
 70
     1
102
RTVSPropertyOp16
 70
     1
102
RTVSPropertyOp17
 70
     1
102
RTVSPropertyOp18
 70
     1
102
RTVSPropertyOp19
 70
     1
102
RTVSPropertyOp20
 70
     1
102
RTVSPropertyOp21
 70
     1
102
RTVSPropertyOp22
 70
     1
102
RTVSPropertyOp23
 70
     1
102
RTVSPropertyOp24
 70
     1
102
RTVSPropertyOp25
 70
     1
102
RTVSPropertyOp26
 70
     1
102
RTVSPropertyOp27
 70
     1
102
RTVSPropertyOp28
 70
     1
102
RTVSPropertyOp29
 70
     1
102
RTVSPropertyOp30
 70
     1
102
RTVSPropertyOp31
 70
     1
102
RTVSPropertyOp32
 70
     1
  0
XRECORD
  5
A0
102
{ACAD_REACTORS
330
9F
102
}
330
9F
100
AcDbXrecord
280
     1
102
RTVSPropertyOp0
 70
     1
102
RTVSPropertyOp1
 70
     1
102
RTVSPropertyOp2
 70
     1
102
RTVSPropertyOp3
 70
     1
102
RTVSPropertyOp4
 70
     1
102
RTVSPropertyOp5
 70
     1
102
RTVSPropertyOp6
 70
     1
102
RTVSPropertyOp7
 70
     1
102
RTVSPropertyOp8
 70
     1
102
RTVSPropertyOp9
 70
     1
102
RTVSPropertyOp10
 70
     1
102
RTVSPropertyOp11
 70
     1
102
RTVSPropertyOp12
 70
     1
102
RTVSPropertyOp13
 70
     1
102
RTVSPropertyOp14
 70
     1
102
RTVSPropertyOp15
 70
     1
102
RTVSPropertyOp16
 70
     1
102
RTVSPropertyOp17
 70
     1
102
RTVSPropertyOp18
 70
     1
102
RTVSPropertyOp19
 70
     1
102
RTVSPropertyOp20
 70
     1
102
RTVSPropertyOp21
 70
     1
102
RTVSPropertyOp22
 70
     1
102
RTVSPropertyOp23
 70
     1
102
RTVSPropertyOp24
 70
     1
102
RTVSPropertyOp25
 70
     1
102
RTVSPropertyOp26
 70
     1
102
RTVSPropertyOp27
 70
     1
102
RTVSPropertyOp28
 70
     1
102
RTVSPropertyOp29
 70
     1
102
RTVSPropertyOp30
 70
     1
102
RTVSPropertyOp31
 70
     1
102
RTVSPropertyOp32
 70
     1
  0
XRECORD
  5
A8
102
{ACAD_REACTORS
330
A7
102
}
330
A7
100
AcDbXrecord
280
     1
102
RTVSPropertyOp0
 70
     1
102
RTVSPropertyOp1
 70
     1
102
RTVSPropertyOp2
 70
     1
102
RTVSPropertyOp3
 70
     1
102
RTVSPropertyOp4
 70
     1
102
RTVSPropertyOp5
 70
     1
102
RTVSPropertyOp6
 70
     1
102
RTVSPropertyOp7
 70
     1
102
RTVSPropertyOp8
 70
     1
102
RTVSPropertyOp9
 70
     1
102
RTVSPropertyOp10
 70
     1
102
RTVSPropertyOp11
 70
     1
102
RTVSPropertyOp12
 70
     1
102
RTVSPropertyOp13
 70
     1
102
RTVSPropertyOp14
 70
     1
102
RTVSPropertyOp15
 70
     1
102
RTVSPropertyOp16
 70
     1
102
RTVSPropertyOp17
 70
     1
102
RTVSPropertyOp18
 70
     1
102
RTVSPropertyOp19
 70
     1
102
RTVSPropertyOp20
 70
     1
102
RTVSPropertyOp21
 70
     1
102
RTVSPropertyOp22
 70
     1
102
RTVSPropertyOp23
 70
     1
102
RTVSPropertyOp24
 70
     1
102
RTVSPropertyOp25
 70
     1
102
RTVSPropertyOp26
 70
     1
102
RTVSPropertyOp27
 70
     1
102
RTVSPropertyOp28
 70
     1
102
RTVSPropertyOp29
 70
     1
102
RTVSPropertyOp30
 70
     1
102
RTVSPropertyOp31
 70
     1
102
RTVSPropertyOp32
 70
     1
  0
XRECORD
  5
B0
102
{ACAD_REACTORS
330
AF
102
}
330
AF
100
AcDbXrecord
280
     1
102
RTVSPropertyOp0
 70
     1
102
RTVSPropertyOp1
 70
     1
102
RTVSPropertyOp2
 70
     1
102
RTVSPropertyOp3
 70
     1
102
RTVSPropertyOp4
 70
     1
102
RTVSPropertyOp5
 70
     1
102
RTVSPropertyOp6
 70
     1
102
RTVSPropertyOp7
 70
     1
102
RTVSPropertyOp8
 70
     1
102
RTVSPropertyOp9
 70
     1
102
RTVSPropertyOp10
 70
     1
102
RTVSPropertyOp11
 70
     1
102
RTVSPropertyOp12
 70
     1
102
RTVSPropertyOp13
 70
     1
102
RTVSPropertyOp14
 70
     1
102
RTVSPropertyOp15
 70
     1
102
RTVSPropertyOp16
 70
     1
102
RTVSPropertyOp17
 70
     1
102
RTVSPropertyOp18
 70
     1
102
RTVSPropertyOp19
 70
     1
102
RTVSPropertyOp20
 70
     1
102
RTVSPropertyOp21
 70
     1
102
RTVSPropertyOp22
 70
     1
102
RTVSPropertyOp23
 70
     1
102
RTVSPropertyOp24
 70
     1
102
RTVSPropertyOp25
 70
     1
102
RTVSPropertyOp26
 70
     1
102
RTVSPropertyOp27
 70
     1
102
RTVSPropertyOp28
 70
     1
102
RTVSPropertyOp29
 70
     1
102
RTVSPropertyOp30
 70
     1
102
RTVSPropertyOp31
 70
     1
102
RTVSPropertyOp32
 70
     1
  0
XRECORD
  5
A4
102
{ACAD_REACTORS
330
A3
102
}
330
A3
100
AcDbXrecord
280
     1
102
RTVSPropertyOp0
 70
     1
102
RTVSPropertyOp1
 70
     1
102
RTVSPropertyOp2
 70
     1
102
RTVSPropertyOp3
 70
     1
102
RTVSPropertyOp4
 70
     1
102
RTVSPropertyOp5
 70
     1
102
RTVSPropertyOp6
 70
     1
102
RTVSPropertyOp7
 70
     1
102
RTVSPropertyOp8
 70
     1
102
RTVSPropertyOp9
 70
     1
102
RTVSPropertyOp10
 70
     1
102
RTVSPropertyOp11
 70
     1
102
RTVSPropertyOp12
 70
     1
102
RTVSPropertyOp13
 70
     1
102
RTVSPropertyOp14
 70
     1
102
RTVSPropertyOp15
 70
     1
102
RTVSPropertyOp16
 70
     1
102
RTVSPropertyOp17
 70
     1
102
RTVSPropertyOp18
 70
     1
102
RTVSPropertyOp19
 70
     1
102
RTVSPropertyOp20
 70
     1
102
RTVSPropertyOp21
 70
     1
102
RTVSPropertyOp22
 70
     1
102
RTVSPropertyOp23
 70
     1
102
RTVSPropertyOp24
 70
     1
102
RTVSPropertyOp25
 70
     1
102
RTVSPropertyOp26
 70
     1
102
RTVSPropertyOp27
 70
     1
102
RTVSPropertyOp28
 70
     1
102
RTVSPropertyOp29
 70
     1
102
RTVSPropertyOp30
 70
     1
102
RTVSPropertyOp31
 70
     1
102
RTVSPropertyOp32
 70
     1
  0
XRECORD
  5
A6
102
{ACAD_REACTORS
330
A5
102
}
330
A5
100
AcDbXrecord
280
     1
102
RTVSPropertyOp0
 70
     1
102
RTVSPropertyOp1
 70
     1
102
RTVSPropertyOp2
 70
     1
102
RTVSPropertyOp3
 70
     1
102
RTVSPropertyOp4
 70
     1
102
RTVSPropertyOp5
 70
     1
102
RTVSPropertyOp6
 70
     1
102
RTVSPropertyOp7
 70
     1
102
RTVSPropertyOp8
 70
     1
102
RTVSPropertyOp9
 70
     1
102
RTVSPropertyOp10
 70
     1
102
RTVSPropertyOp11
 70
     1
102
RTVSPropertyOp12
 70
     1
102
RTVSPropertyOp13
 70
     1
102
RTVSPropertyOp14
 70
     1
102
RTVSPropertyOp15
 70
     1
102
RTVSPropertyOp16
 70
     1
102
RTVSPropertyOp17
 70
     1
102
RTVSPropertyOp18
 70
     1
102
RTVSPropertyOp19
 70
     1
102
RTVSPropertyOp20
 70
     1
102
RTVSPropertyOp21
 70
     1
102
RTVSPropertyOp22
 70
     1
102
RTVSPropertyOp23
 70
     1
102
RTVSPropertyOp24
 70
     1
102
RTVSPropertyOp25
 70
     1
102
RTVSPropertyOp26
 70
     1
102
RTVSPropertyOp27
 70
     1
102
RTVSPropertyOp28
 70
     1
102
RTVSPropertyOp29
 70
     1
102
RTVSPropertyOp30
 70
     1
102
RTVSPropertyOp31
 70
     1
102
RTVSPropertyOp32
 70
     1
  0
XRECORD
  5
AE
102
{ACAD_REACTORS
330
AD
102
}
330
AD
100
AcDbXrecord
280
     1
102
RTVSPropertyOp0
 70
     1
102
RTVSPropertyOp1
 70
     1
102
RTVSPropertyOp2
 70
     1
102
RTVSPropertyOp3
 70
     1
102
RTVSPropertyOp4
 70
     1
102
RTVSPropertyOp5
 70
     1
102
RTVSPropertyOp6
 70
     1
102
RTVSPropertyOp7
 70
     1
102
RTVSPropertyOp8
 70
     1
102
RTVSPropertyOp9
 70
     1
102
RTVSPropertyOp10
 70
     1
102
RTVSPropertyOp11
 70
     1
102
RTVSPropertyOp12
 70
     1
102
RTVSPropertyOp13
 70
     1
102
RTVSPropertyOp14
 70
     1
102
RTVSPropertyOp15
 70
     1
102
RTVSPropertyOp16
 70
     1
102
RTVSPropertyOp17
 70
     1
102
RTVSPropertyOp18
 70
     1
102
RTVSPropertyOp19
 70
     1
102
RTVSPropertyOp20
 70
     1
102
RTVSPropertyOp21
 70
     1
102
RTVSPropertyOp22
 70
     1
102
RTVSPropertyOp23
 70
     1
102
RTVSPropertyOp24
 70
     1
102
RTVSPropertyOp25
 70
     1
102
RTVSPropertyOp26
 70
     1
102
RTVSPropertyOp27
 70
     1
102
RTVSPropertyOp28
 70
     1
102
RTVSPropertyOp29
 70
     1
102
RTVSPropertyOp30
 70
     1
102
RTVSPropertyOp31
 70
     1
102
RTVSPropertyOp32
 70
     1
  0
XRECORD
  5
92
102
{ACAD_REACTORS
330
91
102
}
330
91
100
AcDbXrecord
280
     1
102
RTVSPropertyOp0
 70
     1
102
RTVSPropertyOp1
 70
     1
102
RTVSPropertyOp2
 70
     1
102
RTVSPropertyOp3
 70
     1
102
RTVSPropertyOp4
 70
     1
102
RTVSPropertyOp5
 70
     1
102
RTVSPropertyOp6
 70
     1
102
RTVSPropertyOp7
 70
     1
102
RTVSPropertyOp8
 70
     1
102
RTVSPropertyOp9
 70
     1
102
RTVSPropertyOp10
 70
     1
102
RTVSPropertyOp11
 70
     1
102
RTVSPropertyOp12
 70
     1
102
RTVSPropertyOp13
 70
     1
102
RTVSPropertyOp14
 70
     1
102
RTVSPropertyOp15
 70
     1
102
RTVSPropertyOp16
 70
     1
102
RTVSPropertyOp17
 70
     1
102
RTVSPropertyOp18
 70
     1
102
RTVSPropertyOp19
 70
     1
102
RTVSPropertyOp20
 70
     1
102
RTVSPropertyOp21
 70
     1
102
RTVSPropertyOp22
 70
     1
102
RTVSPropertyOp23
 70
     1
102
RTVSPropertyOp24
 70
     1
102
RTVSPropertyOp25
 70
     1
102
RTVSPropertyOp26
 70
     1
102
RTVSPropertyOp27
 70
     1
102
RTVSPropertyOp28
 70
     1
102
RTVSPropertyOp29
 70
     1
102
RTVSPropertyOp30
 70
     1
102
RTVSPropertyOp31
 70
     1
102
RTVSPropertyOp32
 70
     1
  0
XRECORD
  5
94
102
{ACAD_REACTORS
330
93
102
}
330
93
100
AcDbXrecord
280
     1
102
RTVSPropertyOp0
 70
     1
102
RTVSPropertyOp1
 70
     1
102
RTVSPropertyOp2
 70
     1
102
RTVSPropertyOp3
 70
     1
102
RTVSPropertyOp4
 70
     1
102
RTVSPropertyOp5
 70
     1
102
RTVSPropertyOp6
 70
     1
102
RTVSPropertyOp7
 70
     1
102
RTVSPropertyOp8
 70
     1
102
RTVSPropertyOp9
 70
     1
102
RTVSPropertyOp10
 70
     1
102
RTVSPropertyOp11
 70
     1
102
RTVSPropertyOp12
 70
     1
102
RTVSPropertyOp13
 70
     1
102
RTVSPropertyOp14
 70
     1
102
RTVSPropertyOp15
 70
     1
102
RTVSPropertyOp16
 70
     1
102
RTVSPropertyOp17
 70
     1
102
RTVSPropertyOp18
 70
     1
102
RTVSPropertyOp19
 70
     1
102
RTVSPropertyOp20
 70
     1
102
RTVSPropertyOp21
 70
     1
102
RTVSPropertyOp22
 70
     1
102
RTVSPropertyOp23
 70
     1
102
RTVSPropertyOp24
 70
     1
102
RTVSPropertyOp25
 70
     1
102
RTVSPropertyOp26
 70
     1
102
RTVSPropertyOp27
 70
     1
102
RTVSPropertyOp28
 70
     1
102
RTVSPropertyOp29
 70
     1
102
RTVSPropertyOp30
 70
     1
102
RTVSPropertyOp31
 70
     1
102
RTVSPropertyOp32
 70
     1
  0
XRECORD
  5
96
102
{ACAD_REACTORS
330
95
102
}
330
95
100
AcDbXrecord
280
     1
102
RTVSPropertyOp0
 70
     1
102
RTVSPropertyOp1
 70
     1
102
RTVSPropertyOp2
 70
     1
102
RTVSPropertyOp3
 70
     1
102
RTVSPropertyOp4
 70
     1
102
RTVSPropertyOp5
 70
     1
102
RTVSPropertyOp6
 70
     1
102
RTVSPropertyOp7
 70
     1
102
RTVSPropertyOp8
 70
     1
102
RTVSPropertyOp9
 70
     1
102
RTVSPropertyOp10
 70
     1
102
RTVSPropertyOp11
 70
     1
102
RTVSPropertyOp12
 70
     1
102
RTVSPropertyOp13
 70
     1
102
RTVSPropertyOp14
 70
     1
102
RTVSPropertyOp15
 70
     1
102
RTVSPropertyOp16
 70
     1
102
RTVSPropertyOp17
 70
     1
102
RTVSPropertyOp18
 70
     1
102
RTVSPropertyOp19
 70
     1
102
RTVSPropertyOp20
 70
     1
102
RTVSPropertyOp21
 70
     1
102
RTVSPropertyOp22
 70
     1
102
RTVSPropertyOp23
 70
     1
102
RTVSPropertyOp24
 70
     1
102
RTVSPropertyOp25
 70
     1
102
RTVSPropertyOp26
 70
     1
102
RTVSPropertyOp27
 70
     1
102
RTVSPropertyOp28
 70
     1
102
RTVSPropertyOp29
 70
     1
102
RTVSPropertyOp30
 70
     1
102
RTVSPropertyOp31
 70
     1
102
RTVSPropertyOp32
 70
     1
  0
XRECORD
  5
98
102
{ACAD_REACTORS
330
97
102
}
330
97
100
AcDbXrecord
280
     1
102
RTVSPropertyOp0
 70
     1
102
RTVSPropertyOp1
 70
     1
102
RTVSPropertyOp2
 70
     1
102
RTVSPropertyOp3
 70
     1
102
RTVSPropertyOp4
 70
     1
102
RTVSPropertyOp5
 70
     1
102
RTVSPropertyOp6
 70
     1
102
RTVSPropertyOp7
 70
     1
102
RTVSPropertyOp8
 70
     1
102
RTVSPropertyOp9
 70
     1
102
RTVSPropertyOp10
 70
     1
102
RTVSPropertyOp11
 70
     1
102
RTVSPropertyOp12
 70
     1
102
RTVSPropertyOp13
 70
     1
102
RTVSPropertyOp14
 70
     1
102
RTVSPropertyOp15
 70
     1
102
RTVSPropertyOp16
 70
     1
102
RTVSPropertyOp17
 70
     1
102
RTVSPropertyOp18
 70
     1
102
RTVSPropertyOp19
 70
     1
102
RTVSPropertyOp20
 70
     1
102
RTVSPropertyOp21
 70
     1
102
RTVSPropertyOp22
 70
     1
102
RTVSPropertyOp23
 70
     1
102
RTVSPropertyOp24
 70
     1
102
RTVSPropertyOp25
 70
     1
102
RTVSPropertyOp26
 70
     1
102
RTVSPropertyOp27
 70
     1
102
RTVSPropertyOp28
 70
     1
102
RTVSPropertyOp29
 70
     1
102
RTVSPropertyOp30
 70
     1
102
RTVSPropertyOp31
 70
     1
102
RTVSPropertyOp32
 70
     1
  0
XRECORD
  5
AC
102
{ACAD_REACTORS
330
AB
102
}
330
AB
100
AcDbXrecord
280
     1
102
RTVSPropertyOp0
 70
     1
102
RTVSPropertyOp1
 70
     1
102
RTVSPropertyOp2
 70
     1
102
RTVSPropertyOp3
 70
     1
102
RTVSPropertyOp4
 70
     1
102
RTVSPropertyOp5
 70
     1
102
RTVSPropertyOp6
 70
     1
102
RTVSPropertyOp7
 70
     1
102
RTVSPropertyOp8
 70
     1
102
RTVSPropertyOp9
 70
     1
102
RTVSPropertyOp10
 70
     1
102
RTVSPropertyOp11
 70
     1
102
RTVSPropertyOp12
 70
     1
102
RTVSPropertyOp13
 70
     1
102
RTVSPropertyOp14
 70
     1
102
RTVSPropertyOp15
 70
     1
102
RTVSPropertyOp16
 70
     1
102
RTVSPropertyOp17
 70
     1
102
RTVSPropertyOp18
 70
     1
102
RTVSPropertyOp19
 70
     1
102
RTVSPropertyOp20
 70
     1
102
RTVSPropertyOp21
 70
     1
102
RTVSPropertyOp22
 70
     1
102
RTVSPropertyOp23
 70
     1
102
RTVSPropertyOp24
 70
     1
102
RTVSPropertyOp25
 70
     1
102
RTVSPropertyOp26
 70
     1
102
RTVSPropertyOp27
 70
     1
102
RTVSPropertyOp28
 70
     1
102
RTVSPropertyOp29
 70
     1
102
RTVSPropertyOp30
 70
     1
102
RTVSPropertyOp31
 70
     1
102
RTVSPropertyOp32
 70
     1
  0
XRECORD
  5
A2
102
{ACAD_REACTORS
330
A1
102
}
330
A1
100
AcDbXrecord
280
     1
102
RTVSPropertyOp0
 70
     1
102
RTVSPropertyOp1
 70
     1
102
RTVSPropertyOp2
 70
     1
102
RTVSPropertyOp3
 70
     1
102
RTVSPropertyOp4
 70
     1
102
RTVSPropertyOp5
 70
     1
102
RTVSPropertyOp6
 70
     1
102
RTVSPropertyOp7
 70
     1
102
RTVSPropertyOp8
 70
     1
102
RTVSPropertyOp9
 70
     1
102
RTVSPropertyOp10
 70
     1
102
RTVSPropertyOp11
 70
     1
102
RTVSPropertyOp12
 70
     1
102
RTVSPropertyOp13
 70
     1
102
RTVSPropertyOp14
 70
     1
102
RTVSPropertyOp15
 70
     1
102
RTVSPropertyOp16
 70
     1
102
RTVSPropertyOp17
 70
     1
102
RTVSPropertyOp18
 70
     1
102
RTVSPropertyOp19
 70
     1
102
RTVSPropertyOp20
 70
     1
102
RTVSPropertyOp21
 70
     1
102
RTVSPropertyOp22
 70
     1
102
RTVSPropertyOp23
 70
     1
102
RTVSPropertyOp24
 70
     1
102
RTVSPropertyOp25
 70
     1
102
RTVSPropertyOp26
 70
     1
102
RTVSPropertyOp27
 70
     1
102
RTVSPropertyOp28
 70
     1
102
RTVSPropertyOp29
 70
     1
102
RTVSPropertyOp30
 70
     1
102
RTVSPropertyOp31
 70
     1
102
RTVSPropertyOp32
 70
     1
  0
XRECORD
  5
AA
102
{ACAD_REACTORS
330
A9
102
}
330
A9
100
AcDbXrecord
280
     1
102
RTVSPropertyOp0
 70
     1
102
RTVSPropertyOp1
 70
     1
102
RTVSPropertyOp2
 70
     1
102
RTVSPropertyOp3
 70
     1
102
RTVSPropertyOp4
 70
     1
102
RTVSPropertyOp5
 70
     1
102
RTVSPropertyOp6
 70
     1
102
RTVSPropertyOp7
 70
     1
102
RTVSPropertyOp8
 70
     1
102
RTVSPropertyOp9
 70
     1
102
RTVSPropertyOp10
 70
     1
102
RTVSPropertyOp11
 70
     1
102
RTVSPropertyOp12
 70
     1
102
RTVSPropertyOp13
 70
     1
102
RTVSPropertyOp14
 70
     1
102
RTVSPropertyOp15
 70
     1
102
RTVSPropertyOp16
 70
     1
102
RTVSPropertyOp17
 70
     1
102
RTVSPropertyOp18
 70
     1
102
RTVSPropertyOp19
 70
     1
102
RTVSPropertyOp20
 70
     1
102
RTVSPropertyOp21
 70
     1
102
RTVSPropertyOp22
 70
     1
102
RTVSPropertyOp23
 70
     1
102
RTVSPropertyOp24
 70
     1
102
RTVSPropertyOp25
 70
     1
102
RTVSPropertyOp26
 70
     1
102
RTVSPropertyOp27
 70
     1
102
RTVSPropertyOp28
 70
     1
102
RTVSPropertyOp29
 70
     1
102
RTVSPropertyOp30
 70
     1
102
RTVSPropertyOp31
 70
     1
102
RTVSPropertyOp32
 70
     1
  0
ENDSEC
  0
EOF
